Unnamed: 0,model,displ,cyl,trans,drive,fuel,cert_region,veh_class,air_pollution_score,city_mpg,hwy_mpg,cmb_mpg,greenhouse_gas_score,smartway
1,ACURA RDX,3.5,6,SemiAuto-6,2WD,Gasoline,CA,small SUV,3,20.0,28.0,23.0,5,No
3,ACURA RDX,3.5,6,SemiAuto-6,4WD,Gasoline,CA,small SUV,3,19.0,27.0,22.0,4,No
4,ACURA TLX,2.4,4,AMS-8,2WD,Gasoline,CA,small car,3,23.0,33.0,27.0,6,No
6,ACURA TLX,3.5,6,SemiAuto-9,2WD,Gasoline,CA,small car,3,20.0,32.0,24.0,5,No
8,ACURA TLX,3.5,6,SemiAuto-9,4WD,Gasoline,CA,small car,3,21.0,30.0,24.0,5,No
10,ACURA TLX AWD A-SPEC,3.5,6,SemiAuto-9,4WD,Gasoline,CA,small car,3,20.0,29.0,23.0,5,No
12,ACURA TLX FWD A-SPEC,3.5,6,SemiAuto-9,2WD,Gasoline,CA,small car,3,20.0,30.0,23.0,5,No
14,ALFA ROMEO 4C,1.8,4,AutoMan-6,2WD,Gasoline,CA,small car,1,24.0,34.0,28.0,6,No
17,ALFA ROMEO Giulia,2.9,6,Auto-8,2WD,Gasoline,CA,midsize car,3,17.0,24.0,20.0,4,No
18,ALFA ROMEO Giulia,2.9,6,Auto-8,2WD,Gasoline,CA,midsize car,3,17.0,24.0,20.0,4,No
22,AUDI A3,2.0,4,AMS-6,4WD,Gasoline,CA,small car,7,24.0,31.0,27.0,6,No
24,AUDI A3,2.0,4,AMS-7,2WD,Gasoline,CA,small car,7,26.0,35.0,29.0,6,No
26,AUDI A3 Cabriolet,2.0,4,AMS-6,4WD,Gasoline,CA,small car,7,22.0,30.0,25.0,5,No
28,AUDI A3 Cabriolet,2.0,4,AMS-7,2WD,Gasoline,CA,small car,7,25.0,33.0,28.0,6,No
30,AUDI A4,2.0,4,AMS-7,4WD,Gasoline,CA,small car,5,24.0,34.0,27.0,6,No
32,AUDI A4,2.0,4,Man-6,4WD,Gasoline,CA,small car,3,24.0,33.0,27.0,6,No
34,AUDI A4 Ultra,2.0,4,AMS-7,2WD,Gasoline,CA,small car,3,27.0,37.0,31.0,7,Yes
36,AUDI A5,2.0,4,AMS-7,4WD,Gasoline,CA,small car,5,24.0,34.0,27.0,6,No
38,AUDI A5,2.0,4,Man-6,4WD,Gasoline,CA,small car,3,24.0,33.0,27.0,6,No
40,AUDI A5 Cabriolet,2.0,4,AMS-7,4WD,Gasoline,CA,small car,5,24.0,34.0,27.0,6,No
42,AUDI A5 Sportback quattro,2.0,4,AMS-7,4WD,Gasoline,CA,midsize car,5,24.0,34.0,27.0,6,No
44,AUDI A6,2.0,4,AMS-7,2WD,Gasoline,CA,midsize car,5,25.0,34.0,28.0,6,No
46,AUDI A6,2.0,4,SemiAuto-8,4WD,Gasoline,CA,midsize car,5,22.0,31.0,26.0,5,No
49,AUDI A6,3.0,6,SemiAuto-8,4WD,Gasoline,CA,midsize car,3,20.0,29.0,23.0,5,No
51,AUDI A7,3.0,6,SemiAuto-8,4WD,Gasoline,CA,midsize car,3,20.0,29.0,23.0,5,No
53,AUDI A8 L,3.0,6,SemiAuto-8,4WD,Gasoline,CA,large car,3,19.0,29.0,22.0,4,No
55,AUDI Q3,2.0,4,SemiAuto-6,2WD,Gasoline,CA,small car,3,20.0,28.0,23.0,5,No
57,AUDI Q3,2.0,4,SemiAuto-6,4WD,Gasoline,CA,small car,3,20.0,28.0,23.0,5,No
58,AUDI Q5,2.0,4,SemiAuto-7,4WD,Gasoline,CA,small SUV,3,23.0,27.0,25.0,5,No
60,AUDI Q7,2.0,4,SemiAuto-8,4WD,Gasoline,CA,standard SUV,3,19.0,25.0,21.0,4,No
63,AUDI Q7,3.0,6,SemiAuto-8,4WD,Gasoline,CA,standard SUV,3,19.0,25.0,21.0,4,No
64,AUDI RS3,2.5,5,AMS-7,4WD,Gasoline,CA,small car,3,19.0,28.0,22.0,4,No
67,AUDI S3,2.0,4,AMS-7,4WD,Gasoline,CA,small car,3,22.0,28.0,25.0,5,No
68,AUDI S4,3.0,6,AMS-8,4WD,Gasoline,CA,small car,5,21.0,30.0,24.0,5,No
70,AUDI S5,3.0,6,AMS-8,4WD,Gasoline,CA,small car,5,21.0,30.0,24.0,5,No
72,AUDI S5 Cabriolet,3.0,6,AMS-8,4WD,Gasoline,CA,small car,5,20.0,29.0,23.0,5,No
74,AUDI S5 Sportback,3.0,6,AMS-8,4WD,Gasoline,CA,midsize car,5,21.0,30.0,24.0,5,No
76,AUDI SQ5,3.0,6,AMS-8,4WD,Gasoline,CA,small SUV,5,19.0,24.0,21.0,4,No
78,AUDI TT Coupe,2.0,4,AMS-6,4WD,Gasoline,CA,small car,7,23.0,30.0,26.0,5,No
80,AUDI TT RS,2.5,5,AMS-7,4WD,Gasoline,CA,small car,3,19.0,29.0,22.0,4,No
82,AUDI TT Roadster,2.0,4,AMS-6,4WD,Gasoline,CA,small car,7,23.0,30.0,26.0,5,No
85,AUDI TTS Coupe,2.0,4,AMS-6,4WD,Gasoline,CA,small car,3,23.0,27.0,25.0,5,No
86,AUDI allroad quattro,2.0,4,AMS-7,4WD,Gasoline,CA,station wagon,5,22.0,30.0,25.0,5,No
88,BENTLEY Bentayga,6.0,12,SemiAuto-8,4WD,Gasoline,CA,standard SUV,3,12.0,19.0,15.0,2,No
90,BENTLEY Chiron,8.0,16,AMS-7,4WD,Gasoline,CA,small car,1,9.0,14.0,11.0,1,No
92,BMW 230i Convertible,2.0,4,SemiAuto-8,2WD,Gasoline,CA,small car,7,24.0,34.0,27.0,6,No
94,BMW 230i Coupe,2.0,4,Man-6,2WD,Gasoline,CA,small car,7,21.0,32.0,25.0,5,No
96,BMW 230i Coupe,2.0,4,SemiAuto-8,2WD,Gasoline,CA,small car,7,24.0,35.0,28.0,6,No
98,BMW 230i xDrive Convertible,2.0,4,SemiAuto-8,4WD,Gasoline,CA,small car,7,23.0,33.0,27.0,6,No
100,BMW 230i xDrive Coupe,2.0,4,SemiAuto-8,4WD,Gasoline,CA,small car,7,24.0,33.0,27.0,6,No
103,BMW 320i,2.0,4,Man-6,2WD,Gasoline,CA,small car,3,23.0,35.0,27.0,6,No
105,BMW 320i,2.0,4,SemiAuto-8,2WD,Gasoline,CA,small car,3,24.0,35.0,28.0,6,No
107,BMW 320i,2.0,4,SemiAuto-8,4WD,Gasoline,CA,small car,3,23.0,34.0,27.0,6,No
110,BMW 330i,2.0,4,Man-6,2WD,Gasoline,CA,small car,7,21.0,32.0,25.0,5,No
112,BMW 330i,2.0,4,SemiAuto-8,2WD,Gasoline,CA,small car,7,24.0,34.0,27.0,6,No
114,BMW 330i,2.0,4,SemiAuto-8,4WD,Gasoline,CA,small car,7,23.0,33.0,27.0,6,No
116,BMW 330i Gran Turismo,2.0,4,SemiAuto-8,4WD,Gasoline,CA,large car,7,23.0,33.0,27.0,6,No
118,BMW 330i Sports Wagon,2.0,4,SemiAuto-8,4WD,Gasoline,CA,station wagon,7,23.0,33.0,27.0,6,No
120,BMW 340i,3.0,6,Man-6,2WD,Gasoline,CA,small car,3,19.0,29.0,23.0,5,No
122,BMW 340i,3.0,6,Man-6,4WD,Gasoline,CA,small car,3,19.0,29.0,23.0,5,No
124,BMW 340i,3.0,6,SemiAuto-8,2WD,Gasoline,CA,small car,3,21.0,32.0,25.0,5,No
126,BMW 340i,3.0,6,SemiAuto-8,4WD,Gasoline,CA,small car,3,21.0,31.0,25.0,5,No
128,BMW 340i Gran Turismo,3.0,6,SemiAuto-8,4WD,Gasoline,CA,large car,3,20.0,29.0,23.0,5,No
130,BMW 430i Convertible,2.0,4,SemiAuto-8,2WD,Gasoline,CA,small car,7,24.0,34.0,27.0,6,No
132,BMW 430i Convertible,2.0,4,SemiAuto-8,4WD,Gasoline,CA,small car,7,22.0,32.0,26.0,5,No
134,BMW 430i Coupe,2.0,4,Man-6,2WD,Gasoline,CA,small car,7,21.0,33.0,25.0,5,No
136,BMW 430i Coupe,2.0,4,SemiAuto-8,2WD,Gasoline,CA,small car,7,24.0,34.0,27.0,6,No
138,BMW 430i Coupe,2.0,4,SemiAuto-8,4WD,Gasoline,CA,small car,7,23.0,33.0,27.0,6,No
140,BMW 430i Gran Coupe,2.0,4,SemiAuto-8,2WD,Gasoline,CA,small car,7,24.0,34.0,27.0,6,No
142,BMW 430i Gran Coupe,2.0,4,SemiAuto-8,4WD,Gasoline,CA,small car,7,23.0,33.0,27.0,6,No
144,BMW 440i Convertible,3.0,6,SemiAuto-8,2WD,Gasoline,CA,small car,3,21.0,29.0,24.0,5,No
146,BMW 440i Convertible,3.0,6,SemiAuto-8,4WD,Gasoline,CA,small car,3,20.0,29.0,23.0,5,No
148,BMW 440i Coupe,3.0,6,Man-6,2WD,Gasoline,CA,small car,3,19.0,29.0,23.0,5,No
150,BMW 440i Coupe,3.0,6,Man-6,4WD,Gasoline,CA,small car,3,19.0,29.0,23.0,5,No
152,BMW 440i Coupe,3.0,6,SemiAuto-8,2WD,Gasoline,CA,small car,3,21.0,32.0,25.0,5,No
154,BMW 440i Coupe,3.0,6,SemiAuto-8,4WD,Gasoline,CA,small car,3,21.0,31.0,25.0,5,No
156,BMW 440i Gran Coupe,3.0,6,SemiAuto-8,2WD,Gasoline,CA,small car,3,21.0,32.0,25.0,5,No
158,BMW 440i Gran Coupe,3.0,6,SemiAuto-8,4WD,Gasoline,CA,small car,3,21.0,31.0,25.0,5,No
164,BMW 530i,2.0,4,SemiAuto-8,2WD,Gasoline,CA,midsize car,7,24.0,34.0,27.0,6,No
166,BMW 530i,2.0,4,SemiAuto-8,4WD,Gasoline,CA,midsize car,7,23.0,33.0,27.0,6,No
168,BMW 540i,3.0,6,SemiAuto-8,2WD,Gasoline,CA,midsize car,5,21.0,30.0,24.0,5,No
170,BMW 540i,3.0,6,SemiAuto-8,4WD,Gasoline,CA,midsize car,5,20.0,29.0,23.0,5,No
172,BMW 640i Convertible,3.0,6,SemiAuto-8,2WD,Gasoline,CA,small car,3,20.0,29.0,23.0,5,No
174,BMW 640i Convertible,3.0,6,SemiAuto-8,4WD,Gasoline,CA,small car,3,19.0,28.0,22.0,4,No
176,BMW 640i Gran Coupe,3.0,6,SemiAuto-8,2WD,Gasoline,CA,small car,3,20.0,29.0,23.0,5,No
178,BMW 640i Gran Coupe,3.0,6,SemiAuto-8,4WD,Gasoline,CA,small car,3,19.0,28.0,22.0,4,No
180,BMW 650i Convertible,4.4,8,SemiAuto-8,2WD,Gasoline,CA,small car,3,17.0,25.0,20.0,4,No
182,BMW 650i Convertible,4.4,8,SemiAuto-8,4WD,Gasoline,CA,small car,3,16.0,25.0,19.0,3,No
184,BMW 650i Gran Coupe,4.4,8,SemiAuto-8,2WD,Gasoline,CA,small car,3,17.0,25.0,20.0,4,No
186,BMW 650i Gran Coupe,4.4,8,SemiAuto-8,4WD,Gasoline,CA,small car,3,16.0,25.0,19.0,3,No
190,BMW 740i,3.0,6,SemiAuto-8,2WD,Gasoline,CA,large car,3,21.0,29.0,24.0,5,No
192,BMW 740i,3.0,6,SemiAuto-8,4WD,Gasoline,CA,large car,3,20.0,29.0,23.0,5,No
194,BMW 750i,4.4,8,SemiAuto-8,2WD,Gasoline,CA,large car,3,17.0,25.0,20.0,4,No
196,BMW 750i,4.4,8,SemiAuto-8,4WD,Gasoline,CA,large car,3,16.0,25.0,19.0,3,No
198,BMW Alpina B6 Gran Coupe,4.4,8,SemiAuto-8,4WD,Gasoline,CA,small car,3,16.0,25.0,19.0,3,No
200,BMW Alpina B7,4.4,8,SemiAuto-8,4WD,Gasoline,CA,large car,3,16.0,25.0,19.0,3,No
202,BMW M2,3.0,6,AMS-7,2WD,Gasoline,CA,small car,3,20.0,26.0,22.0,4,No
204,BMW M2,3.0,6,Man-6,2WD,Gasoline,CA,small car,3,18.0,26.0,21.0,4,No
206,BMW M240i Convertible,3.0,6,Man-6,2WD,Gasoline,CA,small car,3,18.0,27.0,22.0,4,No
208,BMW M240i Convertible,3.0,6,SemiAuto-8,2WD,Gasoline,CA,small car,3,21.0,30.0,24.0,5,No
210,BMW M240i Convertible,3.0,6,SemiAuto-8,4WD,Gasoline,CA,small car,3,21.0,30.0,24.0,5,No
212,BMW M240i Coupe,3.0,6,Man-6,2WD,Gasoline,CA,small car,3,19.0,28.0,22.0,4,No
214,BMW M240i Coupe,3.0,6,SemiAuto-8,2WD,Gasoline,CA,small car,3,21.0,30.0,24.0,5,No
216,BMW M240i Coupe,3.0,6,SemiAuto-8,4WD,Gasoline,CA,small car,3,21.0,30.0,24.0,5,No
218,BMW M3,3.0,6,AMS-7,2WD,Gasoline,CA,small car,3,17.0,24.0,20.0,4,No
220,BMW M3,3.0,6,Man-6,2WD,Gasoline,CA,small car,3,17.0,25.0,20.0,4,No
222,BMW M4 Convertible,3.0,6,AMS-7,2WD,Gasoline,CA,small car,3,16.0,22.0,19.0,3,No
224,BMW M4 Convertible,3.0,6,Man-6,2WD,Gasoline,CA,small car,3,17.0,25.0,20.0,4,No
226,BMW M4 Coupe,3.0,6,AMS-7,2WD,Gasoline,CA,small car,3,17.0,24.0,20.0,4,No
228,BMW M4 Coupe,3.0,6,Man-6,2WD,Gasoline,CA,small car,3,17.0,25.0,20.0,4,No
230,BMW M4 DTM Champions Edition,3.0,6,AMS-7,2WD,Gasoline,CA,small car,3,17.0,24.0,20.0,4,No
232,BMW M550i,4.4,8,SemiAuto-8,4WD,Gasoline,CA,midsize car,3,16.0,25.0,19.0,3,No
234,BMW M6 Convertible,4.4,8,AMS-7,2WD,Gasoline,CA,small car,1,14.0,20.0,16.0,2,No
236,BMW M6 Convertible,4.4,8,Man-6,2WD,Gasoline,CA,small car,1,15.0,22.0,17.0,3,No
238,BMW M6 Gran Coupe,4.4,8,AMS-7,2WD,Gasoline,CA,small car,1,14.0,20.0,16.0,2,No
240,BMW M6 Gran Coupe,4.4,8,Man-6,2WD,Gasoline,CA,small car,1,15.0,22.0,17.0,3,No
242,BMW M760i xDrive,6.6,12,SemiAuto-8,4WD,Gasoline,CA,large car,3,13.0,20.0,16.0,2,No
244,BMW X1 sDrive28i,2.0,4,SemiAuto-8,2WD,Gasoline,CA,large car,7,23.0,32.0,26.0,5,No
246,BMW X1 xDrive28i,2.0,4,SemiAuto-8,4WD,Gasoline,CA,large car,7,22.0,31.0,25.0,5,No
249,BMW X4 M40i,3.0,6,SemiAuto-8,4WD,Gasoline,CA,small SUV,3,18.0,25.0,21.0,4,No
251,BMW X4 xDrive28i,2.0,4,SemiAuto-8,4WD,Gasoline,CA,small SUV,3,20.0,28.0,23.0,5,No
252,BUICK Encore,1.4,4,SemiAuto-6,2WD,Gasoline,CA,small SUV,3,27.0,33.0,30.0,7,Yes
254,BUICK Encore,1.4,4,SemiAuto-6,4WD,Gasoline,CA,small SUV,3,26.0,31.0,28.0,6,No
256,BUICK Encore,1.4,4,SemiAuto-6,4WD,Gasoline,CA,small SUV,3,24.0,30.0,27.0,6,No
258,BUICK Lacrosse,2.5,4,Auto-6,2WD,Gasoline,CA,midsize car,5,25.0,35.0,29.0,6,No
260,BUICK Lacrosse,3.6,6,SemiAuto-9,2WD,Gasoline,CA,midsize car,5,21.0,30.0,24.0,5,No
262,BUICK Lacrosse,3.6,6,SemiAuto-9,4WD,Gasoline,CA,midsize car,5,20.0,29.0,23.0,5,No
264,CADILLAC ATS,2.0,4,Man-6,2WD,Gasoline,CA,small car,5,20.0,29.0,23.0,5,No
266,CADILLAC ATS,2.0,4,SemiAuto-8,2WD,Gasoline,CA,small car,5,22.0,31.0,25.0,5,No
268,CADILLAC ATS,2.0,4,SemiAuto-8,4WD,Gasoline,CA,small car,5,22.0,30.0,25.0,5,No
270,CADILLAC ATS,3.6,6,SemiAuto-8,2WD,Gasoline,CA,small car,5,20.0,30.0,24.0,5,No
272,CADILLAC ATS,3.6,6,SemiAuto-8,4WD,Gasoline,CA,small car,5,19.0,27.0,22.0,4,No
274,CADILLAC ATS-V,3.6,6,Man-6,2WD,Gasoline,CA,small car,3,16.0,23.0,19.0,3,No
276,CADILLAC ATS-V,3.6,6,SemiAuto-8,2WD,Gasoline,CA,small car,3,17.0,25.0,20.0,4,No
278,CADILLAC CT6,2.0,4,SemiAuto-8,2WD,Gasoline,CA,large car,5,22.0,30.0,25.0,5,No
280,CADILLAC CT6,3.0,6,SemiAuto-8,4WD,Gasoline,CA,large car,3,18.0,26.0,21.0,4,No
282,CADILLAC CT6,3.6,6,SemiAuto-8,4WD,Gasoline,CA,large car,5,18.0,27.0,21.0,4,No
284,CADILLAC CTS,2.0,4,SemiAuto-8,2WD,Gasoline,CA,midsize car,5,22.0,30.0,25.0,5,No
286,CADILLAC CTS,2.0,4,SemiAuto-8,4WD,Gasoline,CA,midsize car,5,21.0,29.0,24.0,5,No
288,CADILLAC CTS,3.6,6,SemiAuto-8,2WD,Gasoline,CA,midsize car,3,16.0,24.0,19.0,3,No
290,CADILLAC CTS,3.6,6,SemiAuto-8,2WD,Gasoline,CA,midsize car,5,20.0,30.0,24.0,5,No
292,CADILLAC CTS,3.6,6,SemiAuto-8,4WD,Gasoline,CA,midsize car,5,19.0,27.0,22.0,4,No
294,CADILLAC CTS-V,6.2,8,SemiAuto-8,2WD,Gasoline,CA,midsize car,1,14.0,21.0,17.0,3,No
296,CADILLAC Escalade,6.2,8,Auto-10,2WD,Gasoline,CA,standard SUV,3,14.0,23.0,17.0,3,No
298,CADILLAC Escalade,6.2,8,Auto-10,4WD,Gasoline,CA,standard SUV,3,14.0,21.0,17.0,3,No
300,CADILLAC XT5,3.6,6,SemiAuto-8,2WD,Gasoline,CA,small SUV,5,19.0,26.0,22.0,4,No
302,CADILLAC XT5,3.6,6,SemiAuto-8,4WD,Gasoline,CA,small SUV,5,18.0,25.0,21.0,4,No
304,CHEVROLET Camaro,2.0,4,Man-6,2WD,Gasoline,CA,small car,5,20.0,30.0,23.0,5,No
306,CHEVROLET Camaro,2.0,4,SemiAuto-8,2WD,Gasoline,CA,small car,5,22.0,31.0,25.0,5,No
308,CHEVROLET Camaro,3.6,6,Man-6,2WD,Gasoline,CA,small car,5,16.0,28.0,20.0,4,No
310,CHEVROLET Camaro,3.6,6,SemiAuto-8,2WD,Gasoline,CA,small car,5,19.0,29.0,23.0,5,No
312,CHEVROLET Camaro,6.2,8,Man-6,2WD,Gasoline,CA,small car,1,14.0,20.0,16.0,2,No
314,CHEVROLET Camaro,6.2,8,Man-6,2WD,Gasoline,CA,small car,1,16.0,25.0,19.0,3,No
316,CHEVROLET Camaro,6.2,8,SemiAuto-10,2WD,Gasoline,CA,small car,1,13.0,21.0,15.0,2,No
318,CHEVROLET Camaro,6.2,8,SemiAuto-8,2WD,Gasoline,CA,small car,1,17.0,27.0,20.0,4,No
320,CHEVROLET Colorado,2.5,4,Auto-6,2WD,Gasoline,CA,pickup,5,20.0,26.0,22.0,4,No
322,CHEVROLET Colorado,2.5,4,Auto-6,4WD,Gasoline,CA,pickup,5,19.0,24.0,21.0,4,No
324,CHEVROLET Colorado,2.5,4,Man-6,2WD,Gasoline,CA,pickup,5,20.0,26.0,22.0,4,No
326,CHEVROLET Colorado,2.8,4,Auto-6,2WD,Diesel,CA,pickup,3,22.0,30.0,25.0,4,No
328,CHEVROLET Colorado,2.8,4,Auto-6,4WD,Diesel,CA,pickup,3,20.0,28.0,23.0,4,No
330,CHEVROLET Colorado,3.6,6,Auto-8,2WD,Gasoline,CA,pickup,5,18.0,25.0,20.0,4,No
332,CHEVROLET Colorado,3.6,6,Auto-8,2WD,Gasoline,CA,special purpose,5,15.0,15.0,15.0,2,No
334,CHEVROLET Colorado,3.6,6,Auto-8,4WD,Gasoline,CA,pickup,5,17.0,24.0,19.0,3,No
336,CHEVROLET Colorado ZR2,2.8,4,Auto-6,4WD,Diesel,CA,pickup,3,19.0,22.0,20.0,3,No
338,CHEVROLET Colorado ZR2,3.6,6,Auto-8,4WD,Gasoline,CA,pickup,5,16.0,18.0,17.0,3,No
340,CHEVROLET Corvette,6.2,8,Man-7,2WD,Gasoline,CA,small car,1,15.0,22.0,18.0,3,No
341,CHEVROLET Corvette,6.2,8,Man-7,2WD,Gasoline,CA,small car,1,16.0,25.0,19.0,3,No
344,CHEVROLET Corvette,6.2,8,SemiAuto-8,2WD,Gasoline,CA,small car,1,13.0,23.0,16.0,2,No
345,CHEVROLET Corvette,6.2,8,SemiAuto-8,2WD,Gasoline,CA,small car,1,15.0,25.0,18.0,3,No
348,CHEVROLET Cruze,1.4,4,Man-6,2WD,Gasoline,CA,small car,6,27.0,40.0,32.0,7,Yes
350,CHEVROLET Cruze,1.4,4,SemiAuto-6,2WD,Gasoline,CA,small car,6,29.0,40.0,33.0,8,Yes
352,CHEVROLET Cruze,1.6,4,Auto-9,2WD,Diesel,CA,small car,3,31.0,47.0,37.0,7,Yes
354,CHEVROLET Cruze,1.6,4,Man-6,2WD,Diesel,CA,small car,3,30.0,52.0,37.0,7,Yes
356,CHEVROLET Cruze Hatchback,1.4,4,Man-6,2WD,Gasoline,CA,midsize car,6,27.0,38.0,31.0,7,Yes
358,CHEVROLET Cruze Hatchback,1.4,4,SemiAuto-6,2WD,Gasoline,CA,midsize car,6,29.0,38.0,32.0,7,Yes
360,CHEVROLET Cruze Hatchback,1.6,4,Auto-9,2WD,Diesel,CA,midsize car,3,30.0,45.0,35.0,7,Yes
362,CHEVROLET Cruze Hatchback,1.6,4,Man-6,2WD,Diesel,CA,midsize car,3,29.0,48.0,35.0,7,Yes
364,CHEVROLET Cruze Premier,1.4,4,SemiAuto-6,2WD,Gasoline,CA,small car,6,29.0,39.0,33.0,8,Yes
366,CHEVROLET Cruze Premier Hatchback,1.4,4,SemiAuto-6,2WD,Gasoline,CA,midsize car,6,28.0,37.0,31.0,7,Yes
368,CHEVROLET Equinox,1.5,4,Auto-6,2WD,Gasoline,CA,small SUV,5,26.0,32.0,28.0,6,No
370,CHEVROLET Equinox,1.5,4,Auto-6,4WD,Gasoline,CA,small SUV,5,24.0,30.0,26.0,5,No
372,CHEVROLET Equinox,1.6,4,Auto-6,2WD,Diesel,CA,small SUV,3,28.0,39.0,32.0,6,No
374,CHEVROLET Equinox,1.6,4,Auto-6,4WD,Diesel,CA,small SUV,3,28.0,38.0,32.0,6,No
376,CHEVROLET Equinox,2.0,4,Auto-9,2WD,Gasoline,CA,small SUV,5,22.0,29.0,25.0,5,No
378,CHEVROLET Equinox,2.0,4,Auto-9,4WD,Gasoline,CA,small SUV,5,22.0,28.0,24.0,5,No
380,CHEVROLET Impala,2.5,4,SemiAuto-6,2WD,Gasoline,CA,large car,3,22.0,30.0,25.0,5,No
384,CHEVROLET Impala,3.6,6,SemiAuto-6,2WD,Gasoline,CA,large car,7,19.0,28.0,22.0,4,No
386,CHEVROLET Malibu,1.5,4,Auto-6,2WD,Gasoline,CA,midsize car,6,27.0,36.0,30.0,7,Yes
388,CHEVROLET Malibu,1.5,4,Auto-6,2WD,Gasoline,CA,midsize car,7,27.0,36.0,30.0,7,Yes
390,CHEVROLET Malibu,1.8,4,CVT,2WD,Gasoline,CA,midsize car,3,49.0,43.0,46.0,10,Yes
392,CHEVROLET Malibu,2.0,4,Auto-9,2WD,Gasoline,CA,midsize car,5,22.0,32.0,26.0,5,No
400,CHEVROLET Silverado 15,5.3,8,Auto-6,2WD,Gasoline,CA,pickup,3,16.0,23.0,19.0,3,No
401,CHEVROLET Silverado 15,5.3,8,Auto-6,2WD,Gasoline,CA,special purpose,3,15.0,20.0,17.0,3,No
404,CHEVROLET Silverado 15,5.3,8,Auto-6,4WD,Gasoline,CA,pickup,3,16.0,22.0,18.0,3,No
405,CHEVROLET Silverado 15,5.3,8,Auto-6,4WD,Gasoline,CA,special purpose,3,15.0,19.0,17.0,3,No
408,CHEVROLET Silverado 15,5.3,8,Auto-8,2WD,Gasoline,CA,pickup,3,18.0,24.0,20.0,4,No
410,CHEVROLET Silverado 15,5.3,8,Auto-8,2WD,Gasoline,CA,pickup,3,16.0,22.0,18.0,3,No
412,CHEVROLET Silverado 15,5.3,8,Auto-8,4WD,Gasoline,CA,pickup,3,16.0,21.0,18.0,3,No
414,CHEVROLET Silverado 15,5.3,8,Auto-8,4WD,Gasoline,CA,pickup,3,15.0,20.0,17.0,3,No
416,CHEVROLET Silverado 15,6.2,8,Auto-8,2WD,Gasoline,CA,pickup,3,15.0,21.0,17.0,3,No
418,CHEVROLET Silverado 15,6.2,8,Auto-8,4WD,Gasoline,CA,pickup,3,15.0,20.0,17.0,3,No
420,CHEVROLET Sonic,1.4,4,Man-6,2WD,Gasoline,CA,small car,3,28.0,37.0,32.0,7,Yes
422,CHEVROLET Sonic,1.4,4,SemiAuto-6,2WD,Gasoline,CA,small car,3,27.0,35.0,30.0,7,Yes
424,CHEVROLET Sonic 5,1.4,4,Man-6,2WD,Gasoline,CA,station wagon,3,28.0,37.0,32.0,7,Yes
426,CHEVROLET Sonic 5,1.4,4,SemiAuto-6,2WD,Gasoline,CA,station wagon,3,27.0,35.0,30.0,7,Yes
430,CHEVROLET Suburban 1500,5.3,8,Auto-6,2WD,Gasoline,CA,standard SUV,3,16.0,23.0,19.0,3,No
434,CHEVROLET Suburban 1500,5.3,8,Auto-6,4WD,Gasoline,CA,standard SUV,3,15.0,22.0,18.0,3,No
438,CHEVROLET Tahoe 1500,5.3,8,Auto-6,2WD,Gasoline,CA,standard SUV,3,16.0,23.0,19.0,3,No
442,CHEVROLET Tahoe 1500,5.3,8,Auto-6,4WD,Gasoline,CA,standard SUV,3,16.0,22.0,18.0,3,No
444,CHEVROLET Tahoe 1500,6.2,8,Auto-10,2WD,Gasoline,CA,standard SUV,3,14.0,23.0,17.0,3,No
446,CHEVROLET Tahoe 1500,6.2,8,Auto-10,4WD,Gasoline,CA,standard SUV,3,14.0,22.0,17.0,3,No
448,CHEVROLET Traverse,3.6,6,SemiAuto-9,2WD,Gasoline,CA,standard SUV,5,18.0,27.0,21.0,4,No
450,CHEVROLET Traverse,3.6,6,SemiAuto-9,4WD,Gasoline,CA,standard SUV,5,17.0,25.0,20.0,4,No
452,CHEVROLET Trax,1.4,4,SemiAuto-6,4WD,Gasoline,CA,small SUV,3,24.0,30.0,27.0,6,No
460,CHRYSLER 300,3.6,6,Auto-8,2WD,Gasoline,CA,large car,3,19.0,30.0,23.0,5,No
464,CHRYSLER 300,3.6,6,Auto-8,4WD,Gasoline,CA,large car,3,18.0,27.0,21.0,4,No
466,CHRYSLER 300,5.7,8,Auto-8,2WD,Gasoline,CA,large car,3,16.0,25.0,19.0,3,No
468,CHRYSLER Pacifica,3.6,6,Auto-9,2WD,Gasoline,CA,minivan,3,18.0,28.0,22.0,4,No
469,CHRYSLER Pacifica,3.6,6,Auto-9,2WD,Gasoline,CA,minivan,3,19.0,28.0,22.0,4,No
472,DODGE Challenger,3.6,6,Auto-8,2WD,Gasoline,CA,midsize car,3,19.0,30.0,23.0,5,No
474,DODGE Challenger,5.7,8,Auto-8,2WD,Gasoline,CA,midsize car,3,16.0,25.0,19.0,3,No
476,DODGE Challenger,5.7,8,Man-6,2WD,Gasoline,CA,midsize car,1,15.0,23.0,18.0,3,No
478,DODGE Challenger,6.4,8,Auto-8,2WD,Gasoline,CA,midsize car,1,15.0,25.0,18.0,3,No
480,DODGE Challenger,6.4,8,Man-6,2WD,Gasoline,CA,midsize car,1,14.0,23.0,17.0,3,No
482,DODGE Challenger GT,3.6,6,Auto-8,4WD,Gasoline,CA,midsize car,3,18.0,27.0,21.0,4,No
484,DODGE Challenger SRT,6.2,8,Auto-8,2WD,Gasoline,CA,midsize car,1,13.0,22.0,16.0,2,No
486,DODGE Challenger SRT,6.2,8,Man-6,2WD,Gasoline,CA,midsize car,1,13.0,21.0,16.0,2,No
488,DODGE Challenger SRT,6.4,8,Auto-8,2WD,Gasoline,CA,midsize car,1,15.0,25.0,18.0,3,No
490,DODGE Challenger SRT,6.4,8,Man-6,2WD,Gasoline,CA,midsize car,1,14.0,23.0,17.0,3,No
494,DODGE Charger,3.6,6,Auto-8,2WD,Gasoline,CA,large car,3,19.0,30.0,23.0,5,No
498,DODGE Charger,3.6,6,Auto-8,4WD,Gasoline,CA,large car,3,18.0,27.0,21.0,4,No
500,DODGE Charger,5.7,8,Auto-8,2WD,Gasoline,CA,large car,3,16.0,25.0,19.0,3,No
502,DODGE Charger,6.4,8,Auto-8,2WD,Gasoline,CA,large car,1,15.0,25.0,18.0,3,No
504,DODGE Charger SRT,6.2,8,Auto-8,2WD,Gasoline,CA,large car,1,13.0,22.0,16.0,2,No
506,DODGE Charger SRT,6.4,8,Auto-8,2WD,Gasoline,CA,large car,1,15.0,25.0,18.0,3,No
508,DODGE Durango,3.6,6,Auto-8,2WD,Gasoline,CA,standard SUV,5,19.0,26.0,21.0,4,No
510,DODGE Durango,3.6,6,Auto-8,4WD,Gasoline,CA,standard SUV,5,18.0,25.0,21.0,4,No
512,DODGE Durango,5.7,8,Auto-8,2WD,Gasoline,CA,standard SUV,3,14.0,22.0,17.0,3,No
514,DODGE Durango,5.7,8,Auto-8,4WD,Gasoline,CA,standard SUV,3,14.0,22.0,17.0,3,No
516,DODGE Durango  SRT,6.4,8,Auto-8,4WD,Gasoline,CA,standard SUV,1,13.0,19.0,15.0,2,No
518,DODGE Journey,2.4,4,Auto-4,2WD,Gasoline,CA,small SUV,3,19.0,25.0,21.0,4,No
521,DODGE Journey,3.6,6,Auto-6,4WD,Gasoline,CA,small SUV,3,16.0,24.0,19.0,3,No
523,FERRARI 488 Spider,3.9,8,AutoMan-7,2WD,Gasoline,CA,small car,3,15.0,22.0,18.0,3,No
524,FERRARI 488 Spider,3.9,8,AutoMan-7,2WD,Gasoline,CA,small car,3,16.0,22.0,18.0,3,No
527,FERRARI 488 gtb,3.9,8,AutoMan-7,2WD,Gasoline,CA,small car,3,15.0,22.0,18.0,3,No
528,FERRARI 488 gtb,3.9,8,AutoMan-7,2WD,Gasoline,CA,small car,3,16.0,22.0,18.0,3,No
531,FERRARI 812 Superfast,6.5,12,AutoMan-7,2WD,Gasoline,CA,small car,3,12.0,16.0,13.0,1,No
533,FERRARI California T,3.9,8,AutoMan-7,2WD,Gasoline,CA,small car,3,16.0,23.0,18.0,3,No
534,FERRARI California T,3.9,8,AutoMan-7,2WD,Gasoline,CA,small car,3,16.0,23.0,19.0,3,No
537,FERRARI GTC4Lusso,6.3,12,AutoMan-7,4WD,Gasoline,CA,small car,3,12.0,17.0,13.0,1,No
539,FERRARI GTC4Lusso T,3.9,8,AutoMan-7,2WD,Gasoline,CA,small car,3,15.0,21.0,17.0,3,No
541,FIAT 500L,1.4,4,Auto-6,2WD,Gasoline,CA,station wagon,3,22.0,30.0,25.0,5,No
543,FORD F150,2.7,6,SemiAuto-10,2WD,Gasoline,CA,pickup,5,19.0,25.0,21.0,4,No
544,FORD F150,2.7,6,SemiAuto-10,2WD,Gasoline,CA,pickup,5,20.0,25.0,22.0,4,No
545,FORD F150,2.7,6,SemiAuto-10,2WD,Gasoline,CA,pickup,5,20.0,26.0,22.0,4,No
549,FORD F150,2.7,6,SemiAuto-10,4WD,Gasoline,CA,pickup,5,18.0,23.0,20.0,4,No
550,FORD F150,2.7,6,SemiAuto-10,4WD,Gasoline,CA,pickup,5,18.0,24.0,21.0,4,No
551,FORD F150,2.7,6,SemiAuto-10,4WD,Gasoline,CA,pickup,5,19.0,24.0,21.0,4,No
555,FORD F150,3.3,6,SemiAuto-6,2WD,Gasoline,CA,pickup,5,19.0,24.0,21.0,4,No
556,FORD F150,3.3,6,SemiAuto-6,2WD,Gasoline,CA,pickup,5,19.0,25.0,22.0,4,No
559,FORD F150,3.3,6,SemiAuto-6,4WD,Gasoline,CA,pickup,5,17.0,22.0,19.0,3,No
560,FORD F150,3.3,6,SemiAuto-6,4WD,Gasoline,CA,pickup,5,18.0,23.0,20.0,4,No
563,FORD F150,3.5,6,SemiAuto-10,2WD,Gasoline,CA,pickup,5,17.0,21.0,19.0,3,No
564,FORD F150,3.5,6,SemiAuto-10,2WD,Gasoline,CA,pickup,5,17.0,22.0,19.0,3,No
565,FORD F150,3.5,6,SemiAuto-10,2WD,Gasoline,CA,pickup,5,18.0,25.0,21.0,4,No
569,FORD F150,3.5,6,SemiAuto-10,4WD,Gasoline,CA,pickup,5,16.0,21.0,18.0,3,No
570,FORD F150,3.5,6,SemiAuto-10,4WD,Gasoline,CA,pickup,5,16.0,22.0,19.0,3,No
571,FORD F150,3.5,6,SemiAuto-10,4WD,Gasoline,CA,pickup,5,17.0,23.0,19.0,3,No
575,FORD F150,5.0,8,SemiAuto-10,2WD,Gasoline,CA,pickup,3,16.0,20.0,17.0,3,No
576,FORD F150,5.0,8,SemiAuto-10,2WD,Gasoline,CA,pickup,3,16.0,21.0,18.0,3,No
577,FORD F150,5.0,8,SemiAuto-10,2WD,Gasoline,CA,pickup,3,17.0,23.0,19.0,3,No
581,FORD F150,5.0,8,SemiAuto-10,4WD,Gasoline,CA,pickup,3,15.0,19.0,17.0,3,No
582,FORD F150,5.0,8,SemiAuto-10,4WD,Gasoline,CA,pickup,3,16.0,20.0,17.0,3,No
583,FORD F150,5.0,8,SemiAuto-10,4WD,Gasoline,CA,pickup,3,16.0,22.0,18.0,3,No
587,FORD F150 Raptor,3.5,6,SemiAuto-10,4WD,Gasoline,CA,pickup,3,15.0,18.0,16.0,2,No
590,FORD Flex,3.5,6,SemiAuto-6,2WD,Gasoline,CA,standard SUV,3,16.0,23.0,19.0,3,No
592,FORD Flex,3.5,6,SemiAuto-6,4WD,Gasoline,CA,standard SUV,3,15.0,21.0,17.0,3,No
594,FORD Flex,3.5,6,SemiAuto-6,4WD,Gasoline,CA,standard SUV,3,16.0,22.0,18.0,3,No
595,FORD Fusion,1.5,4,SemiAuto-6,2WD,Gasoline,CA,midsize car,7,23.0,34.0,27.0,6,No
597,FORD Fusion,2.0,4,SemiAuto-6,2WD,Gasoline,CA,midsize car,5,21.0,31.0,25.0,5,No
599,FORD Fusion,2.0,4,SemiAuto-6,4WD,Gasoline,CA,midsize car,5,20.0,29.0,23.0,5,No
601,FORD Fusion,2.5,4,Auto-6,2WD,Gasoline,CA,midsize car,5,21.0,32.0,25.0,5,No
603,FORD Fusion,2.7,6,SemiAuto-6,4WD,Gasoline,CA,midsize car,5,17.0,26.0,20.0,4,No
607,FORD Fusion Hybrid,2.0,4,CVT,2WD,Gasoline,CA,midsize car,7,43.0,41.0,42.0,9,Yes
611,FORD Transit Connect,2.5,4,SemiAuto-6,2WD,Gasoline,CA,special purpose,3,19.0,27.0,22.0,4,No
612,FORD Transit Connect,2.5,4,SemiAuto-6,2WD,Gasoline,CA,special purpose,3,20.0,27.0,23.0,5,No
615,GENESIS G80,3.3,6,SemiAuto-8,2WD,Gasoline,CA,large car,3,17.0,25.0,20.0,4,No
617,GENESIS G80,3.3,6,SemiAuto-8,4WD,Gasoline,CA,large car,3,17.0,24.0,20.0,4,No
619,GENESIS G80,3.8,6,SemiAuto-8,2WD,Gasoline,CA,large car,5,19.0,27.0,22.0,4,No
621,GENESIS G80,3.8,6,SemiAuto-8,4WD,Gasoline,CA,large car,5,18.0,25.0,20.0,4,No
623,GENESIS G80,5.0,8,SemiAuto-8,2WD,Gasoline,CA,large car,5,16.0,24.0,19.0,3,No
625,GENESIS G80,5.0,8,SemiAuto-8,4WD,Gasoline,CA,large car,5,15.0,23.0,18.0,3,No
628,GENESIS G90,3.3,6,SemiAuto-8,2WD,Gasoline,CA,large car,3,17.0,24.0,20.0,4,No
630,GENESIS G90,3.3,6,SemiAuto-8,4WD,Gasoline,CA,large car,3,17.0,24.0,20.0,4,No
631,GENESIS G90,5.0,8,SemiAuto-8,2WD,Gasoline,CA,large car,5,16.0,24.0,19.0,3,No
633,GENESIS G90,5.0,8,SemiAuto-8,4WD,Gasoline,CA,large car,5,15.0,23.0,18.0,3,No
635,GMC Acadia,2.5,4,Auto-6,2WD,Gasoline,CA,standard SUV,3,21.0,26.0,23.0,5,No
637,GMC Acadia,2.5,4,Auto-6,4WD,Gasoline,CA,standard SUV,3,21.0,25.0,23.0,5,No
639,GMC Acadia,3.6,6,Auto-6,2WD,Gasoline,CA,standard SUV,5,18.0,25.0,21.0,4,No
641,GMC Acadia,3.6,6,Auto-6,4WD,Gasoline,CA,standard SUV,5,17.0,25.0,20.0,4,No
643,GMC Canyon,2.5,4,Auto-6,2WD,Gasoline,CA,pickup,5,20.0,26.0,22.0,4,No
645,GMC Canyon,2.5,4,Auto-6,4WD,Gasoline,CA,pickup,5,19.0,24.0,21.0,4,No
647,GMC Canyon,2.5,4,Man-6,2WD,Gasoline,CA,pickup,5,20.0,26.0,22.0,4,No
649,GMC Canyon,2.8,4,Auto-6,2WD,Diesel,CA,pickup,3,22.0,30.0,25.0,4,No
651,GMC Canyon,2.8,4,Auto-6,4WD,Diesel,CA,pickup,3,20.0,28.0,23.0,4,No
653,GMC Canyon,3.6,6,Auto-8,2WD,Gasoline,CA,pickup,5,18.0,25.0,20.0,4,No
655,GMC Canyon,3.6,6,Auto-8,2WD,Gasoline,CA,special purpose,5,15.0,15.0,15.0,2,No
657,GMC Canyon,3.6,6,Auto-8,4WD,Gasoline,CA,pickup,5,17.0,24.0,19.0,3,No
665,GMC Sierra 15,5.3,8,Auto-6,2WD,Gasoline,CA,pickup,3,16.0,23.0,19.0,3,No
666,GMC Sierra 15,5.3,8,Auto-6,2WD,Gasoline,CA,special purpose,3,15.0,20.0,17.0,3,No
669,GMC Sierra 15,5.3,8,Auto-6,4WD,Gasoline,CA,pickup,3,16.0,22.0,18.0,3,No
670,GMC Sierra 15,5.3,8,Auto-6,4WD,Gasoline,CA,special purpose,3,15.0,19.0,17.0,3,No
673,GMC Sierra 15,5.3,8,Auto-8,2WD,Gasoline,CA,pickup,3,18.0,24.0,20.0,4,No
675,GMC Sierra 15,5.3,8,Auto-8,2WD,Gasoline,CA,pickup,3,16.0,22.0,18.0,3,No
677,GMC Sierra 15,5.3,8,Auto-8,4WD,Gasoline,CA,pickup,3,16.0,21.0,18.0,3,No
679,GMC Sierra 15,5.3,8,Auto-8,4WD,Gasoline,CA,pickup,3,15.0,20.0,17.0,3,No
681,GMC Sierra 15,6.2,8,Auto-8,2WD,Gasoline,CA,pickup,3,15.0,21.0,17.0,3,No
683,GMC Sierra 15,6.2,8,Auto-8,4WD,Gasoline,CA,pickup,3,15.0,20.0,17.0,3,No
685,GMC Terrain,1.5,4,Auto-9,2WD,Gasoline,CA,small SUV,5,26.0,30.0,28.0,6,No
687,GMC Terrain,1.5,4,Auto-9,4WD,Gasoline,CA,small SUV,5,24.0,28.0,26.0,5,No
689,GMC Terrain,1.6,4,Auto-6,2WD,Diesel,CA,small SUV,3,28.0,39.0,32.0,6,No
691,GMC Terrain,1.6,4,Auto-6,4WD,Diesel,CA,small SUV,3,28.0,38.0,32.0,6,No
693,GMC Terrain,2.0,4,Auto-9,2WD,Gasoline,CA,small SUV,5,22.0,28.0,24.0,5,No
695,GMC Terrain,2.0,4,Auto-9,4WD,Gasoline,CA,small SUV,5,21.0,26.0,23.0,5,No
699,GMC Yukon 1500,5.3,8,Auto-6,2WD,Gasoline,CA,standard SUV,3,16.0,23.0,19.0,3,No
703,GMC Yukon 1500,5.3,8,Auto-6,4WD,Gasoline,CA,standard SUV,3,16.0,22.0,18.0,3,No
705,GMC Yukon 1500,6.2,8,Auto-10,2WD,Gasoline,CA,standard SUV,3,14.0,23.0,17.0,3,No
707,GMC Yukon 1500,6.2,8,Auto-10,4WD,Gasoline,CA,standard SUV,3,14.0,22.0,17.0,3,No
711,GMC Yukon 1500 XL,5.3,8,Auto-6,2WD,Gasoline,CA,standard SUV,3,16.0,23.0,19.0,3,No
713,GMC Yukon 1500 XL,6.2,8,Auto-10,2WD,Gasoline,CA,standard SUV,3,14.0,23.0,17.0,3,No
717,GMC Yukon XL 1500,5.3,8,Auto-6,4WD,Gasoline,CA,standard SUV,3,15.0,22.0,18.0,3,No
719,GMC Yukon XL 1500,6.2,8,Auto-10,4WD,Gasoline,CA,standard SUV,3,14.0,21.0,16.0,2,No
721,HONDA Civic 5Dr,1.5,4,CVT,2WD,Gasoline,CA,large car,7,31.0,40.0,34.0,8,Yes
723,HONDA Civic 5Dr,1.5,4,CVT,2WD,Gasoline,CA,large car,3,31.0,40.0,34.0,8,Yes
725,HONDA Civic 5Dr,1.5,4,Man-6,2WD,Gasoline,CA,large car,3,29.0,38.0,33.0,8,Yes
727,HONDA Civic 5Dr,1.5,4,SCV-7,2WD,Gasoline,CA,large car,7,30.0,36.0,32.0,7,Yes
729,HONDA Civic 5Dr,1.5,4,SCV-7,2WD,Gasoline,CA,large car,3,30.0,36.0,32.0,7,Yes
731,HONDA Fit,1.5,4,CVT,2WD,Gasoline,CA,station wagon,7,33.0,40.0,36.0,8,Yes
733,HONDA Fit,1.5,4,Man-6,2WD,Gasoline,CA,station wagon,3,29.0,36.0,31.0,7,Yes
734,HONDA Fit,1.5,4,Man-6,2WD,Gasoline,CA,station wagon,3,29.0,36.0,31.0,7,Yes
736,HONDA Fit,1.5,4,SCV-7,2WD,Gasoline,CA,station wagon,7,31.0,36.0,33.0,8,Yes
739,HONDA HR-V,1.8,4,CVT,2WD,Gasoline,CA,station wagon,3,28.0,34.0,31.0,7,Yes
741,HONDA HR-V,1.8,4,CVT,4WD,Gasoline,CA,station wagon,3,27.0,31.0,29.0,6,No
743,HONDA HR-V,1.8,4,Man-6,2WD,Gasoline,CA,station wagon,3,25.0,33.0,28.0,6,No
745,HONDA HR-V,1.8,4,SCV-7,2WD,Gasoline,CA,station wagon,3,28.0,34.0,31.0,7,Yes
747,HONDA HR-V,1.8,4,SCV-7,4WD,Gasoline,CA,station wagon,3,27.0,31.0,29.0,6,No
748,HONDA Ridgeline,3.5,6,Auto-6,2WD,Gasoline,CA,pickup,3,19.0,26.0,22.0,4,No
750,HONDA Ridgeline,3.5,6,Auto-6,4WD,Gasoline,CA,pickup,3,18.0,25.0,21.0,4,No
752,HYUNDAI Elantra,1.4,4,AutoMan-7,2WD,Gasoline,CA,midsize car,3,32.0,40.0,35.0,8,Yes
755,HYUNDAI Elantra,1.6,4,AutoMan-7,2WD,Gasoline,CA,midsize car,3,26.0,33.0,29.0,6,No
757,HYUNDAI Elantra,1.6,4,Man-6,2WD,Gasoline,CA,midsize car,3,22.0,30.0,25.0,5,No
758,HYUNDAI Elantra,2.0,4,Man-6,2WD,Gasoline,CA,midsize car,5,26.0,36.0,29.0,6,No
760,HYUNDAI Elantra,2.0,4,SemiAuto-6,2WD,Gasoline,CA,midsize car,7,28.0,37.0,32.0,7,Yes
762,HYUNDAI Elantra,2.0,4,SemiAuto-6,2WD,Gasoline,CA,midsize car,5,28.0,37.0,32.0,7,Yes
765,HYUNDAI Elantra GT,1.6,4,AutoMan-7,2WD,Gasoline,CA,large car,3,26.0,32.0,28.0,6,No
767,HYUNDAI Elantra GT,1.6,4,Man-6,2WD,Gasoline,CA,large car,3,22.0,29.0,25.0,5,No
768,HYUNDAI Elantra GT,2.0,4,Man-6,2WD,Gasoline,CA,large car,3,23.0,31.0,26.0,5,No
770,HYUNDAI Elantra GT,2.0,4,SemiAuto-6,2WD,Gasoline,CA,large car,3,24.0,32.0,27.0,6,No
772,HYUNDAI Elantra SE,2.0,4,SemiAuto-6,2WD,Gasoline,CA,midsize car,7,29.0,38.0,33.0,8,Yes
774,HYUNDAI Elantra SE,2.0,4,SemiAuto-6,2WD,Gasoline,CA,midsize car,5,29.0,38.0,33.0,8,Yes
777,HYUNDAI Santa Fe,3.3,6,SemiAuto-6,2WD,Gasoline,CA,small SUV,3,18.0,25.0,21.0,4,No
779,HYUNDAI Santa Fe,3.3,6,SemiAuto-6,4WD,Gasoline,CA,small SUV,3,18.0,24.0,20.0,4,No
781,HYUNDAI Santa Fe Sport,2.0,4,SemiAuto-6,2WD,Gasoline,CA,small SUV,3,20.0,28.0,23.0,5,No
783,HYUNDAI Santa Fe Sport,2.0,4,SemiAuto-6,4WD,Gasoline,CA,small SUV,3,19.0,26.0,22.0,4,No
784,HYUNDAI Santa Fe Sport,2.4,4,SemiAuto-6,2WD,Gasoline,CA,small SUV,5,21.0,27.0,24.0,5,No
786,HYUNDAI Santa Fe Sport,2.4,4,SemiAuto-6,4WD,Gasoline,CA,small SUV,5,20.0,26.0,22.0,4,No
789,HYUNDAI Santa Fe Sport Ultimate,2.0,4,SemiAuto-6,2WD,Gasoline,CA,small SUV,3,20.0,27.0,23.0,5,No
791,HYUNDAI Santa Fe Sport Ultimate,2.0,4,SemiAuto-6,4WD,Gasoline,CA,small SUV,3,19.0,24.0,21.0,4,No
793,HYUNDAI Santa Fe Ultimate,3.3,6,SemiAuto-6,2WD,Gasoline,CA,small SUV,3,17.0,23.0,20.0,4,No
795,HYUNDAI Santa Fe Ultimate,3.3,6,SemiAuto-6,4WD,Gasoline,CA,small SUV,3,17.0,22.0,19.0,3,No
796,HYUNDAI Sonata,1.6,4,AutoMan-7,2WD,Gasoline,CA,large car,5,28.0,37.0,31.0,7,Yes
798,HYUNDAI Sonata,2.0,4,SemiAuto-8,2WD,Gasoline,CA,large car,5,23.0,32.0,26.0,5,No
800,HYUNDAI Sonata,2.4,4,SemiAuto-6,2WD,Gasoline,CA,large car,7,25.0,35.0,28.0,6,No
802,HYUNDAI Sonata,2.4,4,SemiAuto-6,2WD,Gasoline,CA,large car,5,25.0,35.0,28.0,6,No
804,HYUNDAI Sonata SE,2.4,4,SemiAuto-6,2WD,Gasoline,CA,large car,7,25.0,36.0,29.0,6,No
806,HYUNDAI Sonata SE,2.4,4,SemiAuto-6,2WD,Gasoline,CA,large car,5,25.0,36.0,29.0,6,No
808,INFINITI Q50,2.0,4,SemiAuto-7,2WD,Gasoline,CA,midsize car,3,23.0,30.0,25.0,5,No
810,INFINITI Q50,2.0,4,SemiAuto-7,4WD,Gasoline,CA,midsize car,3,22.0,28.0,24.0,5,No
813,INFINITI Q50,3.0,6,SemiAuto-7,2WD,Gasoline,CA,midsize car,3,20.0,29.0,23.0,5,No
815,INFINITI Q50,3.0,6,SemiAuto-7,4WD,Gasoline,CA,midsize car,3,19.0,27.0,22.0,4,No
817,INFINITI Q50 Hybrid,3.5,6,SemiAuto-7,2WD,Gasoline,CA,small car,3,27.0,32.0,29.0,6,No
819,INFINITI Q50 Hybrid,3.5,6,SemiAuto-7,4WD,Gasoline,CA,small car,3,26.0,30.0,28.0,6,No
821,INFINITI Q50 Red Sport,3.0,6,SemiAuto-7,2WD,Gasoline,CA,midsize car,3,20.0,26.0,22.0,4,No
823,INFINITI Q50 Red Sport,3.0,6,SemiAuto-7,4WD,Gasoline,CA,midsize car,3,19.0,26.0,22.0,4,No
825,INFINITI Q70,3.7,6,SemiAuto-7,2WD,Gasoline,CA,midsize car,3,18.0,25.0,21.0,4,No
827,INFINITI Q70,3.7,6,SemiAuto-7,4WD,Gasoline,CA,midsize car,3,18.0,24.0,20.0,4,No
829,INFINITI Q70,5.6,8,SemiAuto-7,2WD,Gasoline,CA,midsize car,3,16.0,24.0,19.0,3,No
831,INFINITI Q70,5.6,8,SemiAuto-7,4WD,Gasoline,CA,midsize car,3,16.0,23.0,18.0,3,No
833,INFINITI Q70 Hybrid,3.5,6,SemiAuto-7,2WD,Gasoline,CA,midsize car,3,28.0,33.0,30.0,7,Yes
834,INFINITI QX30,2.0,4,AutoMan-7,2WD,Gasoline,CA,small car,3,24.0,33.0,27.0,6,No
836,INFINITI QX30,2.0,4,AutoMan-7,4WD,Gasoline,CA,small car,3,21.0,30.0,25.0,5,No
838,JAGUAR F-Pace,2.0,4,SemiAuto-8,4WD,Diesel,CA,small SUV,1,26.0,33.0,29.0,5,No
840,JAGUAR F-Pace,2.0,4,SemiAuto-8,4WD,Gasoline,CA,small SUV,7,22.0,27.0,24.0,5,No
842,JAGUAR F-Pace,3.0,6,SemiAuto-8,4WD,Gasoline,CA,small SUV,7,18.0,23.0,20.0,4,No
844,JAGUAR F-Type Convertible,3.0,6,Man-6,2WD,Gasoline,CA,small car,7,16.0,24.0,19.0,3,No
846,JAGUAR F-Type Convertible,3.0,6,SemiAuto-8,2WD,Gasoline,CA,small car,7,20.0,28.0,23.0,5,No
848,JAGUAR F-Type Coupe,3.0,6,Man-6,2WD,Gasoline,CA,small car,7,16.0,24.0,19.0,3,No
850,JAGUAR F-Type Coupe,3.0,6,SemiAuto-8,2WD,Gasoline,CA,small car,7,20.0,28.0,23.0,5,No
853,JAGUAR F-Type R Convertible,5.0,8,SemiAuto-8,4WD,Gasoline,CA,small car,3,15.0,23.0,18.0,3,No
855,JAGUAR F-Type R Coupe,5.0,8,SemiAuto-8,4WD,Gasoline,CA,small car,3,15.0,23.0,18.0,3,No
856,JAGUAR F-Type S Convertible,3.0,6,Man-6,2WD,Gasoline,CA,small car,7,15.0,24.0,18.0,3,No
858,JAGUAR F-Type S Convertible,3.0,6,SemiAuto-8,2WD,Gasoline,CA,small car,7,19.0,27.0,22.0,4,No
860,JAGUAR F-Type S Convertible,3.0,6,SemiAuto-8,4WD,Gasoline,CA,small car,7,18.0,26.0,21.0,4,No
862,JAGUAR F-Type S Coupe,3.0,6,Man-6,2WD,Gasoline,CA,small car,7,15.0,24.0,18.0,3,No
864,JAGUAR F-Type S Coupe,3.0,6,SemiAuto-8,2WD,Gasoline,CA,small car,7,19.0,27.0,22.0,4,No
866,JAGUAR F-Type S Coupe,3.0,6,SemiAuto-8,4WD,Gasoline,CA,small car,7,18.0,26.0,21.0,4,No
868,JAGUAR XE,2.0,4,SemiAuto-8,2WD,Diesel,CA,small car,1,32.0,42.0,36.0,7,No
870,JAGUAR XE,2.0,4,SemiAuto-8,2WD,Gasoline,CA,small car,7,25.0,34.0,28.0,6,No
872,JAGUAR XE,2.0,4,SemiAuto-8,4WD,Diesel,CA,small car,1,30.0,40.0,34.0,7,No
874,JAGUAR XE,2.0,4,SemiAuto-8,4WD,Gasoline,CA,small car,7,24.0,34.0,28.0,6,No
876,JAGUAR XE,3.0,6,SemiAuto-8,2WD,Gasoline,CA,small car,7,21.0,30.0,24.0,5,No
878,JAGUAR XE,3.0,6,SemiAuto-8,4WD,Gasoline,CA,small car,7,20.0,29.0,23.0,5,No
880,JAGUAR XF,2.0,4,SemiAuto-8,2WD,Diesel,CA,midsize car,1,31.0,42.0,35.0,7,No
882,JAGUAR XF,2.0,4,SemiAuto-8,2WD,Gasoline,CA,midsize car,7,25.0,34.0,28.0,6,No
884,JAGUAR XF,2.0,4,SemiAuto-8,4WD,Diesel,CA,midsize car,1,30.0,40.0,34.0,7,No
886,JAGUAR XF,2.0,4,SemiAuto-8,4WD,Gasoline,CA,midsize car,7,23.0,33.0,27.0,6,No
888,JAGUAR XF,3.0,6,SemiAuto-8,2WD,Gasoline,CA,midsize car,7,20.0,29.0,23.0,5,No
890,JAGUAR XF,3.0,6,SemiAuto-8,4WD,Gasoline,CA,midsize car,7,20.0,28.0,23.0,5,No
894,JEEP Cherokee,2.4,4,Auto-9,2WD,Gasoline,CA,small SUV,7,21.0,30.0,25.0,5,No
898,JEEP Cherokee,2.4,4,Auto-9,4WD,Gasoline,CA,small SUV,3,21.0,28.0,23.0,5,No
900,JEEP Cherokee,3.2,6,Auto-9,2WD,Gasoline,CA,small SUV,3,21.0,29.0,24.0,5,No
902,JEEP Cherokee,3.2,6,Auto-9,4WD,Gasoline,CA,small SUV,3,20.0,27.0,23.0,5,No
904,JEEP Cherokee 4x4 Active Drive II,2.4,4,Auto-9,4WD,Gasoline,CA,small SUV,7,21.0,27.0,23.0,5,No
906,JEEP Cherokee 4x4 Active Drive II,2.4,4,Auto-9,4WD,Gasoline,CA,small SUV,1,21.0,27.0,23.0,5,No
908,JEEP Cherokee 4x4 Active Drive II,3.2,6,Auto-9,4WD,Gasoline,CA,small SUV,3,18.0,26.0,21.0,4,No
910,JEEP Cherokee Trailhawk,2.4,4,Auto-9,4WD,Gasoline,CA,small SUV,7,19.0,25.0,22.0,4,No
912,JEEP Cherokee Trailhawk,2.4,4,Auto-9,4WD,Gasoline,CA,small SUV,1,19.0,25.0,22.0,4,No
914,JEEP Cherokee Trailhawk,3.2,6,Auto-9,4WD,Gasoline,CA,small SUV,3,18.0,24.0,21.0,4,No
916,JEEP Compass,2.4,4,Auto-6,2WD,Gasoline,CA,small SUV,7,22.0,31.0,25.0,5,No
918,JEEP Compass,2.4,4,Auto-9,4WD,Gasoline,CA,small SUV,7,22.0,30.0,25.0,5,No
920,JEEP Compass,2.4,4,Man-6,2WD,Gasoline,CA,small SUV,3,23.0,32.0,26.0,5,No
922,JEEP Compass,2.4,4,Man-6,4WD,Gasoline,CA,small SUV,3,22.0,31.0,25.0,5,No
924,JEEP Grand Cherokee,3.6,6,Auto-8,2WD,Gasoline,CA,standard SUV,5,19.0,26.0,21.0,4,No
926,JEEP Grand Cherokee,3.6,6,Auto-8,4WD,Gasoline,CA,standard SUV,5,18.0,25.0,21.0,4,No
928,JEEP Grand Cherokee,5.7,8,Auto-8,4WD,Gasoline,CA,standard SUV,3,14.0,22.0,17.0,3,No
930,JEEP Grand Cherokee SRT,6.4,8,Auto-8,4WD,Gasoline,CA,standard SUV,1,13.0,19.0,15.0,2,No
934,KIA Forte,2.0,4,Man-6,2WD,Gasoline,CA,midsize car,5,25.0,34.0,28.0,6,No
936,KIA Forte,2.0,4,SemiAuto-6,2WD,Gasoline,CA,midsize car,7,29.0,37.0,32.0,7,Yes
938,KIA Forte,2.0,4,SemiAuto-6,2WD,Gasoline,CA,midsize car,5,29.0,37.0,32.0,7,Yes
940,KIA Forte,2.0,4,SemiAuto-6,2WD,Gasoline,CA,midsize car,7,25.0,33.0,28.0,6,No
943,KIA Forte,2.0,4,SemiAuto-6,2WD,Gasoline,CA,midsize car,3,25.0,33.0,28.0,6,No
945,KIA Forte5,1.6,4,AutoMan-7,2WD,Gasoline,CA,large car,3,25.0,30.0,27.0,6,No
947,KIA Forte5,1.6,4,Man-6,2WD,Gasoline,CA,large car,3,23.0,29.0,25.0,5,No
949,KIA Forte5,2.0,4,SemiAuto-6,2WD,Gasoline,CA,large car,3,25.0,34.0,28.0,6,No
951,KIA Optima,1.6,4,AutoMan-7,2WD,Gasoline,CA,large car,3,28.0,37.0,31.0,7,Yes
953,KIA Optima,2.0,4,SemiAuto-6,2WD,Gasoline,CA,large car,3,22.0,31.0,25.0,5,No
954,KIA Optima,2.4,4,SemiAuto-6,2WD,Gasoline,CA,large car,7,24.0,34.0,28.0,6,No
956,KIA Optima,2.4,4,SemiAuto-6,2WD,Gasoline,CA,large car,5,24.0,34.0,28.0,6,No
958,KIA Optima FE,2.4,4,SemiAuto-6,2WD,Gasoline,CA,large car,7,25.0,36.0,29.0,6,No
960,KIA Optima FE,2.4,4,SemiAuto-6,2WD,Gasoline,CA,large car,5,25.0,36.0,29.0,6,No
962,KIA Rio,1.6,4,Man-6,2WD,Gasoline,CA,small car,3,29.0,37.0,32.0,7,Yes
964,KIA Rio,1.6,4,SemiAuto-6,2WD,Gasoline,CA,small car,3,28.0,37.0,32.0,7,Yes
967,KIA Sedona,3.3,6,SemiAuto-6,2WD,Gasoline,CA,minivan,3,18.0,24.0,20.0,4,No
969,KIA Sedona SX,3.3,6,SemiAuto-6,2WD,Gasoline,CA,minivan,3,18.0,25.0,21.0,4,No
971,KIA Sedona SXL,3.3,6,SemiAuto-6,2WD,Gasoline,CA,minivan,3,17.0,22.0,19.0,3,No
973,KIA Sorento,2.0,4,SemiAuto-6,2WD,Gasoline,CA,small SUV,3,20.0,27.0,23.0,5,No
975,KIA Sorento,2.0,4,SemiAuto-6,4WD,Gasoline,CA,small SUV,3,19.0,25.0,22.0,4,No
976,KIA Sorento,2.4,4,SemiAuto-6,2WD,Gasoline,CA,small SUV,5,21.0,28.0,24.0,5,No
978,KIA Sorento,2.4,4,SemiAuto-6,4WD,Gasoline,CA,small SUV,5,21.0,25.0,22.0,4,No
981,KIA Sorento,3.3,6,SemiAuto-6,2WD,Gasoline,CA,small SUV,3,18.0,25.0,20.0,4,No
983,KIA Sorento,3.3,6,SemiAuto-6,4WD,Gasoline,CA,small SUV,3,17.0,23.0,19.0,3,No
985,KIA Sorento FE,3.3,6,SemiAuto-6,4WD,Gasoline,CA,small SUV,3,18.0,25.0,21.0,4,No
987,KIA Soul,1.6,4,AutoMan-7,2WD,Gasoline,CA,station wagon,3,26.0,31.0,28.0,6,No
988,KIA Soul,1.6,4,Man-6,2WD,Gasoline,CA,station wagon,3,24.0,30.0,27.0,6,No
990,KIA Soul,1.6,4,SemiAuto-6,2WD,Gasoline,CA,station wagon,3,25.0,30.0,27.0,6,No
992,KIA Soul,2.0,4,SemiAuto-6,2WD,Gasoline,CA,station wagon,7,25.0,30.0,27.0,6,No
994,KIA Soul,2.0,4,SemiAuto-6,2WD,Gasoline,CA,station wagon,5,25.0,30.0,27.0,6,No
999,KIA Sportage,2.0,4,SemiAuto-6,2WD,Gasoline,CA,small SUV,3,21.0,26.0,23.0,5,No
1001,KIA Sportage,2.0,4,SemiAuto-6,4WD,Gasoline,CA,small SUV,3,20.0,23.0,21.0,4,No
1002,KIA Sportage,2.4,4,SemiAuto-6,2WD,Gasoline,CA,small SUV,7,22.0,29.0,25.0,5,No
1004,KIA Sportage,2.4,4,SemiAuto-6,2WD,Gasoline,CA,small SUV,5,22.0,29.0,25.0,5,No
1006,KIA Sportage,2.4,4,SemiAuto-6,4WD,Gasoline,CA,small SUV,7,21.0,25.0,23.0,5,No
1008,KIA Sportage,2.4,4,SemiAuto-6,4WD,Gasoline,CA,small SUV,5,21.0,25.0,23.0,5,No
1010,KIA Sportage FE,2.4,4,SemiAuto-6,2WD,Gasoline,CA,small SUV,7,23.0,30.0,26.0,5,No
1012,KIA Sportage FE,2.4,4,SemiAuto-6,2WD,Gasoline,CA,small SUV,5,23.0,30.0,26.0,5,No
1014,KIA Sportage FE,2.4,4,SemiAuto-6,4WD,Gasoline,CA,small SUV,7,21.0,25.0,22.0,4,No
1016,KIA Sportage FE,2.4,4,SemiAuto-6,4WD,Gasoline,CA,small SUV,5,21.0,25.0,22.0,4,No
1018,LAMBORGHINI Aventador Coupe,6.5,12,AMS-7,4WD,Gasoline,CA,small car,1,10.0,17.0,12.0,1,No
1020,LAMBORGHINI Aventador Roadster,6.5,12,AMS-7,4WD,Gasoline,CA,small car,1,10.0,16.0,12.0,1,No
1022,LAMBORGHINI Aventador S Coupe,6.5,12,AMS-7,4WD,Gasoline,CA,small car,1,10.0,17.0,12.0,1,No
1024,LAMBORGHINI Aventador S Roadster,6.5,12,AMS-7,4WD,Gasoline,CA,small car,1,10.0,16.0,12.0,1,No
1026,LAND ROVER Range Rover Velar,2.0,4,SemiAuto-8,4WD,Diesel,CA,small SUV,1,26.0,30.0,28.0,5,No
1028,LAND ROVER Range Rover Velar,2.0,4,SemiAuto-8,4WD,Gasoline,CA,small SUV,7,21.0,27.0,23.0,5,No
1030,LAND ROVER Range Rover Velar,3.0,6,SemiAuto-8,4WD,Gasoline,CA,small SUV,7,18.0,24.0,20.0,4,No
1033,LEXUS GX 460,4.6,8,SemiAuto-6,4WD,Gasoline,CA,standard SUV,3,15.0,18.0,16.0,2,No
1034,LEXUS LC 500,5.0,8,SemiAuto-10,2WD,Gasoline,CA,small car,5,16.0,26.0,19.0,3,No
1036,LEXUS LC 500h,3.5,6,SCV-10,2WD,Gasoline,CA,small car,7,26.0,35.0,30.0,7,Yes
1039,LEXUS LX 570,5.7,8,SemiAuto-8,4WD,Gasoline,CA,standard SUV,3,13.0,18.0,15.0,2,No
1040,LINCOLN Continental,2.7,6,SemiAuto-6,2WD,Gasoline,CA,large car,5,18.0,27.0,21.0,4,No
1042,LINCOLN Continental,2.7,6,SemiAuto-6,4WD,Gasoline,CA,large car,5,17.0,25.0,20.0,4,No
1044,LINCOLN Continental,3.0,6,SemiAuto-6,4WD,Gasoline,CA,large car,5,16.0,24.0,19.0,3,No
1046,LINCOLN Continental,3.7,6,SemiAuto-6,2WD,Gasoline,CA,large car,3,17.0,26.0,20.0,4,No
1048,LINCOLN Continental,3.7,6,SemiAuto-6,4WD,Gasoline,CA,large car,3,16.0,24.0,19.0,3,No
1051,LINCOLN MKT,3.5,6,SemiAuto-6,4WD,Gasoline,CA,standard SUV,3,15.0,21.0,17.0,3,No
1053,LINCOLN MKT,3.7,6,SemiAuto-6,2WD,Gasoline,CA,standard SUV,3,16.0,24.0,19.0,3,No
1055,LINCOLN MKT Livery,3.7,6,Auto-6,4WD,Gasoline,CA,special purpose,3,16.0,23.0,18.0,3,No
1056,MASERATI Ghibli,3.0,6,Auto-8,2WD,Gasoline,CA,midsize car,1,17.0,24.0,19.0,3,No
1058,MASERATI Ghibli S,3.0,6,Auto-8,2WD,Gasoline,CA,midsize car,1,16.0,24.0,19.0,3,No
1060,MASERATI Ghibli S Q4,3.0,6,Auto-8,4WD,Gasoline,CA,midsize car,1,16.0,24.0,19.0,3,No
1062,MASERATI Granturismo,4.7,8,Auto-6,2WD,Gasoline,CA,small car,1,13.0,21.0,16.0,2,No
1064,MASERATI Granturismo Convertible,4.7,8,Auto-6,2WD,Gasoline,CA,small car,1,13.0,20.0,15.0,2,No
1066,MASERATI Levante,3.0,8,Auto-8,4WD,Gasoline,CA,standard SUV,1,14.0,20.0,16.0,2,No
1068,MASERATI Levante S,3.0,8,Auto-8,4WD,Gasoline,CA,standard SUV,1,14.0,19.0,16.0,2,No
1070,MASERATI Quattroporte S,3.0,6,Auto-8,2WD,Gasoline,CA,large car,1,16.0,23.0,18.0,3,No
1072,MASERATI Quattroporte S Q4,3.0,6,Auto-8,4WD,Gasoline,CA,large car,1,16.0,23.0,18.0,3,No
1075,MAZDA 3,2.0,4,Man-6,2WD,Gasoline,CA,midsize car,7,27.0,37.0,31.0,7,Yes
1076,MAZDA 3,2.0,4,Man-6,2WD,Gasoline,CA,small car,7,28.0,38.0,31.0,7,Yes
1079,MAZDA 3,2.0,4,SemiAuto-6,2WD,Gasoline,CA,midsize car,7,28.0,37.0,32.0,7,Yes
1080,MAZDA 3,2.0,4,SemiAuto-6,2WD,Gasoline,CA,small car,7,28.0,37.0,31.0,7,Yes
1083,MAZDA 3,2.5,4,SemiAuto-6,2WD,Gasoline,CA,midsize car,7,26.0,35.0,30.0,7,Yes
1084,MAZDA 3,2.5,4,SemiAuto-6,2WD,Gasoline,CA,small car,7,27.0,36.0,30.0,7,Yes
1087,MAZDA CX-3,2.0,4,SemiAuto-6,2WD,Gasoline,CA,small car,3,29.0,34.0,31.0,7,Yes
1089,MAZDA CX-3,2.0,4,SemiAuto-6,4WD,Gasoline,CA,small car,3,27.0,32.0,29.0,6,No
1091,MAZDA CX-9,2.5,4,SemiAuto-6,2WD,Gasoline,CA,small SUV,3,22.0,28.0,24.0,5,No
1093,MAZDA CX-9,2.5,4,SemiAuto-6,4WD,Gasoline,CA,small SUV,3,20.0,26.0,23.0,5,No
1098,MERCEDES-BENZ AMG C63,4.0,8,Auto-7,2WD,Gasoline,CA,small car,5,17.0,22.0,19.0,3,No
1099,MERCEDES-BENZ AMG C63,4.0,8,Auto-7,2WD,Gasoline,CA,small car,5,17.0,23.0,19.0,3,No
1100,MERCEDES-BENZ AMG C63,4.0,8,Auto-7,2WD,Gasoline,CA,small car,5,18.0,24.0,20.0,4,No
1104,MERCEDES-BENZ AMG C63 S,4.0,8,Auto-7,2WD,Gasoline,CA,small car,5,17.0,22.0,19.0,3,No
1105,MERCEDES-BENZ AMG C63 S,4.0,8,Auto-7,2WD,Gasoline,CA,small car,5,17.0,23.0,19.0,3,No
1106,MERCEDES-BENZ AMG C63 S,4.0,8,Auto-7,2WD,Gasoline,CA,small car,5,18.0,24.0,20.0,4,No
1110,MERCEDES-BENZ AMG CLA45 4Matic,2.0,4,AutoMan-7,4WD,Gasoline,CA,small car,3,23.0,30.0,26.0,5,No
1113,MERCEDES-BENZ AMG CLS63 4Matic,5.5,8,Auto-7,4WD,Gasoline,CA,small car,3,16.0,22.0,18.0,3,No
1115,MERCEDES-BENZ AMG E63 S 4Matic,4.0,8,Auto-9,4WD,Gasoline,CA,midsize car,5,15.0,22.0,18.0,3,No
1116,MERCEDES-BENZ AMG E63 S 4Matic,4.0,8,Auto-9,4WD,Gasoline,CA,station wagon,5,16.0,22.0,18.0,3,No
1119,MERCEDES-BENZ AMG GLA45 4Matic,2.0,4,AutoMan-7,4WD,Gasoline,CA,station wagon,3,22.0,28.0,25.0,5,No
1123,MERCEDES-BENZ AMG GLE 43 4Matic,3.0,6,Auto-9,4WD,Gasoline,CA,standard SUV,3,17.0,22.0,19.0,3,No
1124,MERCEDES-BENZ AMG GLE 43 4Matic,3.0,6,Auto-9,4WD,Gasoline,CA,standard SUV,3,17.0,23.0,19.0,3,No
1127,MERCEDES-BENZ AMG GLE63,5.5,8,Auto-7,4WD,Gasoline,CA,standard SUV,3,14.0,18.0,15.0,2,No
1129,MERCEDES-BENZ AMG GLE63 S,5.5,8,Auto-7,4WD,Gasoline,CA,standard SUV,3,14.0,18.0,15.0,2,No
1130,MERCEDES-BENZ AMG GLE63 S,5.5,8,Auto-7,4WD,Gasoline,CA,standard SUV,3,14.0,18.0,15.0,2,No
1133,MERCEDES-BENZ AMG GLS63,5.5,8,Auto-7,4WD,Gasoline,CA,standard SUV,3,13.0,18.0,15.0,2,No
1135,MERCEDES-BENZ AMG GT,4.0,8,AutoMan-7,2WD,Gasoline,CA,small car,5,16.0,21.0,18.0,3,No
1136,MERCEDES-BENZ AMG GT,4.0,8,AutoMan-7,2WD,Gasoline,CA,small car,5,16.0,22.0,18.0,3,No
1139,MERCEDES-BENZ AMG GT S,4.0,8,AutoMan-7,2WD,Gasoline,CA,small car,5,16.0,22.0,18.0,3,No
1141,MERCEDES-BENZ AMG S63 4Matic,4.0,8,Auto-9,4WD,Gasoline,CA,large car,5,17.0,26.0,20.0,4,No
1144,MERCEDES-BENZ AMG SL63,5.5,8,Auto-7,2WD,Gasoline,CA,small car,3,16.0,25.0,19.0,3,No
1145,MERCEDES-BENZ AMG SL65,6.0,12,Auto-7,2WD,Gasoline,CA,small car,3,13.0,22.0,16.0,2,No
1148,MERCEDES-BENZ C300,2.0,4,Auto-9,2WD,Gasoline,CA,small car,5,22.0,29.0,25.0,5,No
1149,MERCEDES-BENZ C300,2.0,4,Auto-9,2WD,Gasoline,CA,small car,5,22.0,30.0,25.0,5,No
1150,MERCEDES-BENZ C300,2.0,4,Auto-9,2WD,Gasoline,CA,small car,5,24.0,33.0,27.0,6,No
1154,MERCEDES-BENZ C300 4Matic,2.0,4,Auto-9,4WD,Gasoline,CA,small car,5,22.0,29.0,25.0,5,No
1155,MERCEDES-BENZ C300 4Matic,2.0,4,Auto-9,4WD,Gasoline,CA,small car,5,22.0,30.0,25.0,5,No
1156,MERCEDES-BENZ C300 4Matic,2.0,4,Auto-9,4WD,Gasoline,CA,small car,5,23.0,32.0,26.0,5,No
1160,MERCEDES-BENZ CLA250,2.0,4,AutoMan-7,2WD,Gasoline,CA,small car,5,24.0,37.0,29.0,6,No
1164,MERCEDES-BENZ CLA250 4Matic,2.0,4,AutoMan-7,4WD,Gasoline,CA,small car,5,24.0,32.0,27.0,6,No
1167,MERCEDES-BENZ CLS550,4.7,8,Auto-9,2WD,Gasoline,CA,small car,3,18.0,26.0,21.0,4,No
1169,MERCEDES-BENZ CLS550 4Matic,4.7,8,Auto-9,4WD,Gasoline,CA,small car,3,17.0,25.0,20.0,4,No
1170,MERCEDES-BENZ E300,2.0,4,Auto-9,2WD,Gasoline,CA,midsize car,5,22.0,30.0,25.0,5,No
1172,MERCEDES-BENZ E300 4Matic,2.0,4,Auto-9,4WD,Gasoline,CA,midsize car,5,21.0,29.0,24.0,5,No
1177,MERCEDES-BENZ GLA 250,2.0,4,AutoMan-7,2WD,Gasoline,CA,station wagon,5,24.0,33.0,27.0,6,No
1181,MERCEDES-BENZ GLA250 4Matic,2.0,4,AutoMan-7,4WD,Gasoline,CA,small SUV,5,23.0,31.0,26.0,5,No
1183,MERCEDES-BENZ GLC 300,2.0,4,Auto-9,2WD,Gasoline,CA,small SUV,5,22.0,28.0,24.0,5,No
1185,MERCEDES-BENZ GLC 300 4Matic,2.0,4,Auto-9,4WD,Gasoline,CA,small SUV,5,21.0,28.0,24.0,5,No
1186,MERCEDES-BENZ GLC 300 4Matic,2.0,4,Auto-9,4WD,Gasoline,CA,small SUV,5,22.0,27.0,24.0,5,No
1190,MERCEDES-BENZ GLE350,3.5,6,Auto-7,2WD,Gasoline,CA,standard SUV,3,18.0,23.0,20.0,4,No
1194,MERCEDES-BENZ GLE350 4Matic,3.5,6,Auto-7,4WD,Gasoline,CA,standard SUV,3,18.0,22.0,19.0,3,No
1195,MERCEDES-BENZ GLS450 4Matic,3.0,6,Auto-9,4WD,Gasoline,CA,standard SUV,3,17.0,22.0,19.0,3,No
1197,MERCEDES-BENZ GLS550 4Matic,4.7,8,Auto-9,4WD,Gasoline,CA,standard SUV,3,14.0,19.0,16.0,2,No
1199,MERCEDES-BENZ S560 4Matic,4.0,8,Auto-9,4WD,Gasoline,CA,large car,5,17.0,27.0,21.0,4,No
1201,MERCEDES-BENZ S560 4Matic Maybach,4.0,8,Auto-9,4WD,Gasoline,CA,large car,5,16.0,25.0,19.0,3,No
1204,MERCEDES-BENZ SL550,4.7,8,Auto-9,2WD,Gasoline,CA,small car,3,17.0,25.0,20.0,4,No
1205,MERCEDES-BENZ SLC300,2.0,4,Auto-9,2WD,Gasoline,CA,small car,3,25.0,32.0,27.0,6,No
1207,MINI Cooper Clubman,1.5,3,Man-6,2WD,Gasoline,CA,midsize car,7,24.0,34.0,28.0,6,No
1209,MINI Cooper Clubman,1.5,3,SemiAuto-6,2WD,Gasoline,CA,midsize car,7,24.0,32.0,27.0,6,No
1212,MINI Cooper Clubman All4,1.5,3,Man-6,4WD,Gasoline,CA,midsize car,3,22.0,32.0,26.0,5,No
1214,MINI Cooper Clubman All4,1.5,3,SemiAuto-8,4WD,Gasoline,CA,midsize car,3,23.0,31.0,26.0,5,No
1215,MINI Cooper Convertible,1.5,3,Man-6,2WD,Gasoline,CA,small car,7,28.0,37.0,32.0,7,Yes
1217,MINI Cooper Convertible,1.5,3,SemiAuto-6,2WD,Gasoline,CA,small car,7,27.0,35.0,30.0,7,Yes
1220,MINI Cooper Countryman,1.5,3,Man-6,2WD,Gasoline,CA,midsize car,3,24.0,34.0,28.0,6,No
1222,MINI Cooper Countryman,1.5,3,SemiAuto-6,2WD,Gasoline,CA,midsize car,3,24.0,32.0,27.0,6,No
1224,MINI Cooper Countryman All4,1.5,3,Man-6,4WD,Gasoline,CA,midsize car,3,22.0,32.0,26.0,5,No
1226,MINI Cooper Countryman All4,1.5,3,SemiAuto-8,4WD,Gasoline,CA,midsize car,3,23.0,30.0,25.0,5,No
1227,MINI Cooper Hardtop,1.5,3,Man-6,2WD,Gasoline,CA,small car,7,28.0,37.0,32.0,7,Yes
1228,MINI Cooper Hardtop,1.5,3,Man-6,2WD,Gasoline,CA,small car,7,28.0,38.0,32.0,7,Yes
1231,MINI Cooper Hardtop,1.5,3,SemiAuto-6,2WD,Gasoline,CA,small car,7,27.0,35.0,30.0,7,Yes
1233,MINI Cooper S Clubman,2.0,4,Man-6,2WD,Gasoline,CA,midsize car,7,22.0,31.0,25.0,5,No
1235,MINI Cooper S Clubman,2.0,4,SemiAuto-8,2WD,Gasoline,CA,midsize car,7,23.0,32.0,27.0,6,No
1237,MINI Cooper S Clubman All4,2.0,4,Man-6,4WD,Gasoline,CA,midsize car,7,21.0,30.0,24.0,5,No
1239,MINI Cooper S Clubman All4,2.0,4,SemiAuto-8,4WD,Gasoline,CA,midsize car,7,22.0,31.0,26.0,5,No
1241,MINI Cooper S Convertible,2.0,4,Man-6,2WD,Gasoline,CA,small car,7,23.0,32.0,26.0,5,No
1243,MINI Cooper S Convertible,2.0,4,SemiAuto-6,2WD,Gasoline,CA,small car,7,25.0,33.0,28.0,6,No
1245,MINI Cooper S Countryman,2.0,4,SemiAuto-8,2WD,Gasoline,CA,midsize car,7,23.0,32.0,27.0,6,No
1247,MINI Cooper S Countryman All4,2.0,4,Man-6,4WD,Gasoline,CA,midsize car,7,21.0,31.0,24.0,5,No
1249,MINI Cooper S Countryman All4,2.0,4,SemiAuto-8,4WD,Gasoline,CA,midsize car,7,22.0,31.0,26.0,5,No
1251,MINI Cooper S Hardtop,2.0,4,Man-6,2WD,Gasoline,CA,small car,7,23.0,32.0,26.0,5,No
1253,MINI Cooper S Hardtop,2.0,4,SemiAuto-6,2WD,Gasoline,CA,small car,7,25.0,32.0,28.0,6,No
1257,MINI JCW Countryman All4,2.0,4,Man-6,4WD,Gasoline,CA,midsize car,3,20.0,29.0,24.0,5,No
1259,MINI JCW Countryman All4,2.0,4,SemiAuto-8,4WD,Gasoline,CA,midsize car,3,22.0,30.0,25.0,5,No
1261,MINI John Cooper Works Clubman All4,2.0,4,Man-6,4WD,Gasoline,CA,midsize car,3,21.0,31.0,24.0,5,No
1263,MINI John Cooper Works Clubman All4,2.0,4,SemiAuto-8,4WD,Gasoline,CA,midsize car,3,23.0,31.0,26.0,5,No
1265,MINI John Cooper Works Convertible,2.0,4,Man-6,2WD,Gasoline,CA,small car,3,22.0,31.0,25.0,5,No
1267,MINI John Cooper Works Convertible,2.0,4,SemiAuto-6,2WD,Gasoline,CA,small car,3,25.0,33.0,28.0,6,No
1269,MINI John Cooper Works Hardtop,2.0,4,Man-6,2WD,Gasoline,CA,small car,3,23.0,32.0,26.0,5,No
1271,MINI John Cooper Works Hardtop,2.0,4,SemiAuto-6,2WD,Gasoline,CA,small car,3,25.0,32.0,28.0,6,No
1273,MITSUBISHI Mirage,1.2,3,CVT,2WD,Gasoline,CA,small car,5,37.0,43.0,39.0,9,Yes
1275,MITSUBISHI Mirage,1.2,3,Man-5,2WD,Gasoline,CA,small car,5,33.0,41.0,36.0,8,Yes
1277,MITSUBISHI Mirage G4,1.2,3,CVT,2WD,Gasoline,CA,small car,5,35.0,41.0,37.0,8,Yes
1279,MITSUBISHI Mirage G4,1.2,3,Man-5,2WD,Gasoline,CA,small car,5,33.0,40.0,35.0,8,Yes
1282,NISSAN 370Z,3.7,6,Man-6,2WD,Gasoline,CA,small car,3,18.0,26.0,21.0,4,No
1284,NISSAN 370Z,3.7,6,SemiAuto-7,2WD,Gasoline,CA,small car,3,19.0,26.0,22.0,4,No
1286,NISSAN 370Z Roadster,3.7,6,Man-6,2WD,Gasoline,CA,small car,3,17.0,24.0,20.0,4,No
1288,NISSAN 370Z Roadster,3.7,6,SemiAuto-7,2WD,Gasoline,CA,small car,3,18.0,25.0,21.0,4,No
1290,NISSAN Armada,5.6,8,SemiAuto-7,2WD,Gasoline,CA,standard SUV,3,14.0,19.0,16.0,2,No
1292,NISSAN Armada,5.6,8,SemiAuto-7,4WD,Gasoline,CA,standard SUV,3,13.0,18.0,15.0,2,No
1293,NISSAN Versa,1.6,4,Auto-4,2WD,Gasoline,CA,small car,3,26.0,35.0,29.0,6,No
1295,NISSAN Versa,1.6,4,CVT,2WD,Gasoline,CA,small car,3,31.0,39.0,34.0,8,Yes
1297,NISSAN Versa,1.6,4,CVT,2WD,Gasoline,CA,small car,5,31.0,39.0,34.0,8,Yes
1299,NISSAN Versa,1.6,4,Man-5,2WD,Gasoline,CA,small car,3,27.0,36.0,30.0,7,Yes
1301,NISSAN Versa,1.6,4,Man-5,2WD,Gasoline,CA,small car,5,27.0,36.0,30.0,7,Yes
1303,PORSCHE 911 Carrera,3.0,6,AMS-7,2WD,Gasoline,CA,small car,1,22.0,30.0,25.0,5,No
1305,PORSCHE 911 Carrera,3.0,6,Man-7,2WD,Gasoline,CA,small car,1,20.0,29.0,23.0,5,No
1307,PORSCHE 911 Carrera 4,3.0,6,AMS-7,4WD,Gasoline,CA,small car,1,22.0,28.0,24.0,5,No
1309,PORSCHE 911 Carrera 4,3.0,6,Man-7,4WD,Gasoline,CA,small car,1,20.0,28.0,23.0,5,No
1311,PORSCHE 911 Carrera 4 Cabriolet,3.0,6,AMS-7,4WD,Gasoline,CA,small car,1,21.0,28.0,24.0,5,No
1313,PORSCHE 911 Carrera 4 Cabriolet,3.0,6,Man-7,4WD,Gasoline,CA,small car,1,19.0,28.0,22.0,4,No
1315,PORSCHE 911 Carrera 4 GTS,3.0,6,AMS-7,4WD,Gasoline,CA,small car,1,20.0,26.0,22.0,4,No
1317,PORSCHE 911 Carrera 4 GTS,3.0,6,Man-7,4WD,Gasoline,CA,small car,1,18.0,26.0,21.0,4,No
1319,PORSCHE 911 Carrera 4 GTS Cabriolet,3.0,6,AMS-7,4WD,Gasoline,CA,small car,1,20.0,25.0,22.0,4,No
1321,PORSCHE 911 Carrera 4 GTS Cabriolet,3.0,6,Man-7,4WD,Gasoline,CA,small car,1,18.0,26.0,21.0,4,No
1323,PORSCHE 911 Carrera 4S,3.0,6,AMS-7,4WD,Gasoline,CA,small car,1,21.0,28.0,24.0,5,No
1325,PORSCHE 911 Carrera 4S,3.0,6,Man-7,4WD,Gasoline,CA,small car,1,20.0,28.0,23.0,5,No
1327,PORSCHE 911 Carrera 4S Cabriolet,3.0,6,AMS-7,4WD,Gasoline,CA,small car,1,21.0,28.0,24.0,5,No
1329,PORSCHE 911 Carrera 4S Cabriolet,3.0,6,Man-7,4WD,Gasoline,CA,small car,1,19.0,28.0,22.0,4,No
1331,PORSCHE 911 Carrera Cabriolet,3.0,6,AMS-7,2WD,Gasoline,CA,small car,1,22.0,28.0,24.0,5,No
1333,PORSCHE 911 Carrera Cabriolet,3.0,6,Man-7,2WD,Gasoline,CA,small car,1,20.0,29.0,23.0,5,No
1335,PORSCHE 911 Carrera GTS,3.0,6,AMS-7,2WD,Gasoline,CA,small car,1,20.0,26.0,23.0,5,No
1337,PORSCHE 911 Carrera GTS,3.0,6,Man-7,2WD,Gasoline,CA,small car,1,18.0,26.0,21.0,4,No
1339,PORSCHE 911 Carrera GTS Cabriolet,3.0,6,AMS-7,2WD,Gasoline,CA,small car,1,20.0,26.0,22.0,4,No
1341,PORSCHE 911 Carrera GTS Cabriolet,3.0,6,Man-7,2WD,Gasoline,CA,small car,1,18.0,26.0,21.0,4,No
1343,PORSCHE 911 Carrera S,3.0,6,AMS-7,2WD,Gasoline,CA,small car,1,22.0,28.0,24.0,5,No
1345,PORSCHE 911 Carrera S,3.0,6,Man-7,2WD,Gasoline,CA,small car,1,20.0,29.0,23.0,5,No
1347,PORSCHE 911 Carrera S Cabriolet,3.0,6,AMS-7,2WD,Gasoline,CA,small car,1,22.0,28.0,24.0,5,No
1349,PORSCHE 911 Carrera S Cabriolet,3.0,6,Man-7,2WD,Gasoline,CA,small car,1,20.0,28.0,23.0,5,No
1351,PORSCHE 911 Targa 4,3.0,6,AMS-7,4WD,Gasoline,CA,small car,1,22.0,28.0,24.0,5,No
1353,PORSCHE 911 Targa 4,3.0,6,Man-7,4WD,Gasoline,CA,small car,1,19.0,28.0,22.0,4,No
1355,PORSCHE 911 Targa 4 GTS,3.0,6,AMS-7,4WD,Gasoline,CA,small car,1,20.0,26.0,22.0,4,No
1357,PORSCHE 911 Targa 4 GTS,3.0,6,Man-7,4WD,Gasoline,CA,small car,1,18.0,26.0,21.0,4,No
1359,PORSCHE 911 Targa 4S,3.0,6,AMS-7,4WD,Gasoline,CA,small car,1,21.0,27.0,24.0,5,No
1361,PORSCHE 911 Targa 4S,3.0,6,Man-7,4WD,Gasoline,CA,small car,1,19.0,28.0,22.0,4,No
1363,PORSCHE 911 Turbo,3.8,6,AMS-7,4WD,Gasoline,CA,small car,1,19.0,24.0,21.0,4,No
1365,PORSCHE 911 Turbo Cabriolet,3.8,6,AMS-7,4WD,Gasoline,CA,small car,1,19.0,24.0,21.0,4,No
1367,PORSCHE 911 Turbo S,3.8,6,AMS-7,4WD,Gasoline,CA,small car,1,19.0,24.0,21.0,4,No
1369,PORSCHE 911 Turbo S Cabriolet,3.8,6,AMS-7,4WD,Gasoline,CA,small car,1,19.0,24.0,21.0,4,No
1371,PORSCHE Boxster,2.0,4,AMS-7,2WD,Gasoline,CA,small car,3,22.0,29.0,25.0,5,No
1373,PORSCHE Boxster,2.0,4,Man-6,2WD,Gasoline,CA,small car,3,21.0,28.0,24.0,5,No
1375,PORSCHE Boxster S,2.5,4,AMS-7,2WD,Gasoline,CA,small car,3,21.0,28.0,24.0,5,No
1377,PORSCHE Boxster S,2.5,4,Man-6,2WD,Gasoline,CA,small car,3,20.0,26.0,22.0,4,No
1380,PORSCHE Cayenne GTS,3.6,6,SemiAuto-8,4WD,Gasoline,CA,standard SUV,3,16.0,23.0,19.0,3,No
1382,PORSCHE Cayenne S,3.6,6,SemiAuto-8,4WD,Gasoline,CA,standard SUV,3,17.0,24.0,20.0,4,No
1384,PORSCHE Macan,2.0,4,AMS-7,4WD,Gasoline,CA,small SUV,3,20.0,25.0,22.0,4,No
1386,PORSCHE Macan GTS,3.0,6,AMS-7,4WD,Gasoline,CA,small SUV,3,17.0,23.0,19.0,3,No
1388,PORSCHE Macan S,3.0,6,AMS-7,4WD,Gasoline,CA,small SUV,3,17.0,23.0,19.0,3,No
1389,PORSCHE Panamera,3.0,6,AMS-8,2WD,Gasoline,CA,large car,5,21.0,28.0,24.0,5,No
1391,PORSCHE Panamera 4,3.0,6,AMS-8,4WD,Gasoline,CA,large car,5,21.0,27.0,23.0,5,No
1393,PORSCHE Panamera 4 Executive,3.0,6,AMS-8,4WD,Gasoline,CA,large car,5,21.0,27.0,23.0,5,No
1395,PORSCHE Panamera 4S,2.9,6,AMS-8,4WD,Gasoline,CA,large car,5,21.0,28.0,23.0,5,No
1397,PORSCHE Panamera 4S Executive,2.9,6,AMS-8,4WD,Gasoline,CA,large car,5,21.0,28.0,23.0,5,No
1399,PORSCHE Panamera Turbo,4.0,8,AMS-8,4WD,Gasoline,CA,large car,3,18.0,25.0,21.0,4,No
1401,PORSCHE Panamera Turbo Executive,4.0,8,AMS-8,4WD,Gasoline,CA,large car,3,18.0,25.0,21.0,4,No
1403,RAM 1500,5.7,8,Auto-6,4WD,Gasoline,CA,pickup,3,13.0,18.0,14.0,1,No
1405,RAM 1500,5.7,8,Auto-8,2WD,Gasoline,CA,pickup,3,15.0,22.0,17.0,3,No
1407,RAM 1500,5.7,8,Auto-8,4WD,Gasoline,CA,pickup,3,15.0,21.0,17.0,3,No
1409,RAM Promaster City,2.4,4,Auto-9,2WD,Gasoline,CA,special purpose,3,21.0,28.0,24.0,5,No
1411,SUBARU Crosstrek,2.0,4,Man-6,4WD,Gasoline,CA,small SUV,7,23.0,29.0,25.0,5,No
1413,SUBARU Crosstrek,2.0,4,SCV-7,4WD,Gasoline,CA,small SUV,7,27.0,33.0,29.0,6,No
1415,SUBARU Forester,2.0,4,SCV-8,4WD,Gasoline,CA,small SUV,1,23.0,27.0,25.0,5,No
1417,SUBARU Forester,2.5,4,Man-6,4WD,Gasoline,CA,small SUV,7,22.0,28.0,24.0,5,No
1419,SUBARU Forester,2.5,4,SCV-6,4WD,Gasoline,CA,small SUV,7,26.0,32.0,28.0,6,No
1421,SUBARU Impreza,2.0,4,Man-5,4WD,Gasoline,CA,midsize car,7,24.0,32.0,27.0,6,No
1422,SUBARU Impreza,2.0,4,Man-5,4WD,Gasoline,CA,station wagon,7,24.0,31.0,26.0,5,No
1425,SUBARU Impreza,2.0,4,SCV-7,4WD,Gasoline,CA,midsize car,7,28.0,38.0,32.0,7,Yes
1426,SUBARU Impreza,2.0,4,SCV-7,4WD,Gasoline,CA,station wagon,7,28.0,37.0,31.0,7,Yes
1429,SUBARU Impreza Sport,2.0,4,Man-5,4WD,Gasoline,CA,midsize car,7,23.0,31.0,26.0,5,No
1430,SUBARU Impreza Sport,2.0,4,Man-5,4WD,Gasoline,CA,station wagon,7,22.0,30.0,25.0,5,No
1433,SUBARU Impreza Sport,2.0,4,SCV-7,4WD,Gasoline,CA,midsize car,7,27.0,36.0,30.0,7,Yes
1434,SUBARU Impreza Sport,2.0,4,SCV-7,4WD,Gasoline,CA,station wagon,7,27.0,35.0,30.0,7,Yes
1437,SUBARU Legacy,2.5,4,SCV-7,4WD,Gasoline,CA,midsize car,7,25.0,34.0,29.0,6,No
1439,SUBARU Legacy,3.6,6,SCV-6,4WD,Gasoline,CA,midsize car,3,20.0,28.0,23.0,5,No
1441,SUBARU Outback,2.5,4,SCV-7,4WD,Gasoline,CA,small SUV,7,25.0,32.0,28.0,6,No
1443,SUBARU Outback,3.6,6,SCV-6,4WD,Gasoline,CA,small SUV,3,20.0,27.0,22.0,4,No
1445,SUBARU WRX,2.0,4,Man-6,4WD,Gasoline,CA,small car,1,21.0,27.0,23.0,5,No
1447,SUBARU WRX,2.0,4,SCV-8,4WD,Gasoline,CA,small car,1,18.0,24.0,21.0,4,No
1449,SUBARU WRX,2.5,4,Man-6,4WD,Gasoline,CA,small car,1,17.0,22.0,19.0,3,No
1452,TOYOTA 4Runner,4.0,6,SemiAuto-5,2WD,Gasoline,CA,standard SUV,3,17.0,21.0,18.0,3,No
1454,TOYOTA 4Runner,4.0,6,SemiAuto-5,4WD,Gasoline,CA,standard SUV,3,17.0,20.0,18.0,3,No
1456,TOYOTA Avalon,3.5,6,SemiAuto-6,2WD,Gasoline,CA,midsize car,3,21.0,30.0,24.0,5,No
1457,TOYOTA Avalon Hybrid,2.5,4,SCV-6,2WD,Gasoline,CA,midsize car,7,40.0,39.0,40.0,9,Yes
1459,TOYOTA C-HR,2.0,4,SCV-7,2WD,Gasoline,CA,small car,3,27.0,31.0,29.0,6,No
1461,TOYOTA Camry,2.5,4,SemiAuto-8,2WD,Gasoline,CA,midsize car,7,29.0,41.0,34.0,8,Yes
1463,TOYOTA Camry,3.5,6,SemiAuto-8,2WD,Gasoline,CA,midsize car,5,22.0,33.0,26.0,5,No
1465,TOYOTA Camry Hybrid LE,2.5,4,SCV-6,2WD,Gasoline,CA,midsize car,7,51.0,53.0,52.0,10,Elite
1467,TOYOTA Camry Hybrid XLE/SE,2.5,4,SCV-6,2WD,Gasoline,CA,midsize car,7,44.0,47.0,46.0,10,Elite
1469,TOYOTA Camry LE/SE,2.5,4,SemiAuto-8,2WD,Gasoline,CA,midsize car,7,28.0,39.0,32.0,7,Yes
1471,TOYOTA Camry XLE/XSE,2.5,4,SemiAuto-8,2WD,Gasoline,CA,midsize car,7,28.0,39.0,32.0,7,Yes
1473,TOYOTA Camry XSE,3.5,6,SemiAuto-8,2WD,Gasoline,CA,midsize car,5,22.0,32.0,26.0,5,No
1476,TOYOTA Corolla,1.8,4,CVT,2WD,Gasoline,CA,midsize car,3,28.0,36.0,32.0,7,Yes
1478,TOYOTA Corolla,1.8,4,Man-6,2WD,Gasoline,CA,midsize car,3,27.0,35.0,30.0,7,Yes
1480,TOYOTA Corolla,1.8,4,SCV-7,2WD,Gasoline,CA,midsize car,3,28.0,35.0,31.0,7,Yes
1481,TOYOTA Corolla LE Eco,1.8,4,CVT,2WD,Gasoline,CA,midsize car,5,29.0,38.0,33.0,8,Yes
1482,TOYOTA Corolla LE Eco,1.8,4,CVT,2WD,Gasoline,CA,midsize car,5,30.0,40.0,34.0,8,Yes
1485,TOYOTA Corolla iM,1.8,4,Man-6,2WD,Gasoline,CA,midsize car,5,27.0,35.0,30.0,7,Yes
1487,TOYOTA Corolla iM,1.8,4,SCV-7,2WD,Gasoline,CA,midsize car,5,28.0,36.0,31.0,7,Yes
1490,TOYOTA Land Cruiser,5.7,8,SemiAuto-8,4WD,Gasoline,CA,standard SUV,3,13.0,18.0,15.0,2,No
1491,TOYOTA Prius c,1.5,4,CVT,2WD,Gasoline,CA,small car,7,48.0,43.0,46.0,10,Elite
1494,TOYOTA RAV4,2.5,4,SemiAuto-6,2WD,Gasoline,CA,small SUV,3,23.0,29.0,25.0,5,No
1496,TOYOTA RAV4,2.5,4,SemiAuto-6,4WD,Gasoline,CA,small SUV,3,22.0,28.0,25.0,5,No
1497,TOYOTA RAV4 Hybrid,2.5,4,SCV-6,4WD,Gasoline,CA,small SUV,7,34.0,30.0,32.0,7,Yes
1500,TOYOTA RAV4 LE/XLE,2.5,4,SemiAuto-6,2WD,Gasoline,CA,small SUV,3,23.0,30.0,26.0,5,No
1502,TOYOTA RAV4 Limited,2.5,4,SemiAuto-6,4WD,Gasoline,CA,small SUV,3,22.0,28.0,24.0,5,No
1503,TOYOTA Sequoia,5.7,8,SemiAuto-6,2WD,Gasoline,CA,standard SUV,5,13.0,17.0,15.0,2,No
1505,TOYOTA Sequoia,5.7,8,SemiAuto-6,4WD,Gasoline,CA,standard SUV,5,13.0,17.0,14.0,1,No
1510,TOYOTA Tundra,4.6,8,SemiAuto-6,2WD,Gasoline,CA,pickup,3,15.0,19.0,16.0,2,No
1512,TOYOTA Tundra,4.6,8,SemiAuto-6,4WD,Gasoline,CA,pickup,3,14.0,18.0,16.0,2,No
1513,TOYOTA Tundra,5.7,8,SemiAuto-6,2WD,Gasoline,CA,pickup,5,13.0,18.0,15.0,2,No
1515,TOYOTA Tundra,5.7,8,SemiAuto-6,4WD,Gasoline,CA,pickup,5,13.0,17.0,14.0,1,No
1520,TOYOTA Yaris,1.5,4,Auto-4,2WD,Gasoline,CA,small car,3,30.0,35.0,32.0,7,Yes
1522,TOYOTA Yaris,1.5,4,Man-5,2WD,Gasoline,CA,small car,3,30.0,36.0,33.0,8,Yes
1523,VOLKSWAGEN Beetle,2.0,4,SemiAuto-6,2WD,Gasoline,CA,small car,7,26.0,33.0,29.0,6,No
1525,VOLKSWAGEN Beetle Convertible,2.0,4,SemiAuto-6,2WD,Gasoline,CA,small car,7,26.0,33.0,29.0,6,No
1527,VOLKSWAGEN Beetle Dune,2.0,4,SemiAuto-6,2WD,Gasoline,CA,small car,7,26.0,34.0,29.0,6,No
1529,VOLKSWAGEN Beetle Dune Convertible,2.0,4,SemiAuto-6,2WD,Gasoline,CA,small car,7,26.0,34.0,29.0,6,No
1532,VOLKSWAGEN Golf R,2.0,4,AMS-7,4WD,Gasoline,CA,small car,3,22.0,29.0,25.0,5,No
1534,VOLKSWAGEN Golf R,2.0,4,Man-6,4WD,Gasoline,CA,small car,3,21.0,29.0,24.0,5,No
1536,VOLKSWAGEN Jetta,1.4,4,Man-5,2WD,Gasoline,CA,small car,3,28.0,40.0,33.0,8,Yes
1537,VOLKSWAGEN Jetta,1.4,4,SemiAuto-6,2WD,Gasoline,CA,small car,5,28.0,38.0,32.0,7,Yes
1539,VOLKSWAGEN Jetta,1.8,4,SemiAuto-6,2WD,Gasoline,CA,small car,7,24.0,33.0,28.0,6,No
1541,VOLKSWAGEN Jetta,2.0,4,AMS-6,2WD,Gasoline,CA,small car,7,24.0,33.0,27.0,6,No
1543,VOLKSWAGEN Passat,2.0,4,SemiAuto-6,2WD,Gasoline,CA,midsize car,7,25.0,36.0,29.0,6,No
1545,VOLKSWAGEN Tiguan,2.0,4,SemiAuto-8,2WD,Gasoline,CA,small SUV,7,22.0,27.0,24.0,5,No
1547,VOLKSWAGEN Tiguan 4Motion,2.0,4,SemiAuto-8,4WD,Gasoline,CA,small SUV,7,21.0,27.0,23.0,5,No
1549,VOLVO Atlas,3.6,6,SemiAuto-8,2WD,Gasoline,CA,small SUV,5,18.0,25.0,20.0,4,No
1551,VOLVO Atlas 4Motion,3.6,6,SemiAuto-8,4WD,Gasoline,CA,small SUV,5,17.0,23.0,19.0,3,No
1553,VOLVO S60,2.0,4,SemiAuto-8,2WD,Gasoline,CA,small car,7,25.0,36.0,29.0,6,No
1555,VOLVO S60,2.0,4,SemiAuto-8,4WD,Gasoline,CA,small car,3,22.0,32.0,26.0,5,No
1556,VOLVO S60,2.0,4,SemiAuto-8,4WD,Gasoline,CA,small car,3,22.0,33.0,26.0,5,No
1559,VOLVO S60 CC,2.0,4,SemiAuto-8,4WD,Gasoline,CA,small car,3,22.0,30.0,25.0,5,No
1561,VOLVO S60 Inscription,2.0,4,SemiAuto-8,2WD,Gasoline,CA,small car,3,25.0,36.0,29.0,6,No
1563,VOLVO S60 Inscription,2.0,4,SemiAuto-8,4WD,Gasoline,CA,small car,3,22.0,33.0,26.0,5,No
1565,VOLVO S60 Polestar,2.0,4,SemiAuto-8,4WD,Gasoline,CA,small car,1,20.0,27.0,22.0,4,No
1567,VOLVO S90,2.0,4,SemiAuto-8,2WD,Gasoline,CA,midsize car,3,24.0,34.0,27.0,6,No
1569,VOLVO S90,2.0,4,SemiAuto-8,4WD,Gasoline,CA,midsize car,3,22.0,31.0,25.0,5,No
1570,VOLVO S90,2.0,4,SemiAuto-8,4WD,Gasoline,CA,midsize car,3,23.0,32.0,26.0,5,No
1573,VOLVO S90,2.0,4,SemiAuto-8,4WD,Gasoline,CA,midsize car,5,23.0,32.0,26.0,5,No
1575,VOLVO S90,2.0,4,SemiAuto-8,4WD,Gasoline,CA,midsize car,5,22.0,31.0,25.0,5,No
1579,VOLVO V60,2.0,4,SemiAuto-8,2WD,Gasoline,CA,station wagon,3,25.0,36.0,29.0,6,No
1581,VOLVO V60,2.0,4,SemiAuto-8,4WD,Gasoline,CA,station wagon,3,22.0,32.0,26.0,5,No
1582,VOLVO V60,2.0,4,SemiAuto-8,4WD,Gasoline,CA,station wagon,3,22.0,33.0,26.0,5,No
1585,VOLVO V60 CC,2.0,4,SemiAuto-8,4WD,Gasoline,CA,station wagon,3,22.0,30.0,25.0,5,No
1587,VOLVO V60 Polestar,2.0,4,SemiAuto-8,4WD,Gasoline,CA,station wagon,1,20.0,27.0,22.0,4,No
1589,VOLVO V90,2.0,4,SemiAuto-8,2WD,Gasoline,CA,station wagon,5,24.0,34.0,27.0,6,No
1591,VOLVO V90,2.0,4,SemiAuto-8,4WD,Gasoline,CA,station wagon,5,22.0,31.0,25.0,5,No
1593,VOLVO V90 CC,2.0,4,SemiAuto-8,4WD,Gasoline,CA,station wagon,5,23.0,31.0,26.0,5,No
1595,VOLVO V90 CC,2.0,4,SemiAuto-8,4WD,Gasoline,CA,station wagon,5,22.0,29.0,25.0,5,No
1597,VOLVO XC 60,2.0,4,SemiAuto-8,4WD,Gasoline,CA,small SUV,5,22.0,28.0,24.0,5,No
1599,VOLVO XC 60,2.0,4,SemiAuto-8,4WD,Gasoline,CA,small SUV,5,21.0,27.0,23.0,5,No
1603,VOLVO XC 90,2.0,4,SemiAuto-8,2WD,Gasoline,CA,standard SUV,5,22.0,29.0,25.0,5,No
1605,VOLVO XC 90,2.0,4,SemiAuto-8,4WD,Gasoline,CA,standard SUV,5,22.0,28.0,24.0,5,No
1607,VOLVO XC 90,2.0,4,SemiAuto-8,4WD,Gasoline,CA,standard SUV,5,20.0,27.0,23.0,5,No
108,BMW 330e,2.0,4,SemiAuto-8,2WD,Gasoline,CA,small car,3,28.0,34.0,30.0,10,Yes
160,BMW 530e,2.0,4,SemiAuto-8,2WD,Gasoline,CA,small car,7,27.0,31.0,29.0,10,Elite
162,BMW 530e,2.0,4,SemiAuto-8,4WD,Gasoline,CA,small car,7,27.0,31.0,28.0,10,Elite
188,BMW 740e,2.0,4,SemiAuto-8,4WD,Gasoline,CA,large car,3,25.0,29.0,27.0,9,Yes
382,CHEVROLET Impala,3.6,6,SemiAuto-6,2WD,Ethanol,CA,large car,5,14.0,20.0,16.0,4,No
394,CHEVROLET Silverado 15,4.3,6,Auto-6,2WD,Ethanol,CA,pickup,5,12.0,16.0,14.0,4,No
396,CHEVROLET Silverado 15,4.3,6,Auto-6,4WD,Ethanol,CA,pickup,5,12.0,15.0,13.0,3,No
398,CHEVROLET Silverado 15,5.3,8,Auto-6,2WD,Ethanol,CA,pickup,3,12.0,17.0,14.0,3,No
428,CHEVROLET Suburban 1500,5.3,8,Auto-6,2WD,Ethanol,CA,standard SUV,3,12.0,17.0,14.0,3,No
432,CHEVROLET Suburban 1500,5.3,8,Auto-6,4WD,Ethanol,CA,standard SUV,3,11.0,15.0,12.0,3,No
436,CHEVROLET Tahoe 1500,5.3,8,Auto-6,2WD,Ethanol,CA,standard SUV,3,12.0,17.0,14.0,3,No
440,CHEVROLET Tahoe 1500,5.3,8,Auto-6,4WD,Ethanol,CA,standard SUV,3,11.0,16.0,13.0,3,No
454,CHEVROLET Volt,1.5,4,CVT,2WD,Gasoline,CA,small car,3,43.0,42.0,42.0,10,Yes
456,CHEVROLET Volt,1.5,4,CVT,2WD,Gasoline,CA,small car,7,43.0,42.0,42.0,10,Elite
458,CHRYSLER 300,3.6,6,Auto-8,2WD,Ethanol,CA,large car,3,14.0,22.0,17.0,5,No
462,CHRYSLER 300,3.6,6,Auto-8,4WD,Ethanol,CA,large car,3,13.0,20.0,16.0,4,No
492,DODGE Charger,3.6,6,Auto-8,2WD,Ethanol,CA,large car,3,14.0,22.0,17.0,5,No
496,DODGE Charger,3.6,6,Auto-8,4WD,Ethanol,CA,large car,3,13.0,20.0,16.0,4,No
605,FORD Fusion Energi Plug-in Hybrid,2.0,4,CVT,2WD,Gasoline,CA,midsize car,7,43.0,41.0,42.0,10,Elite
659,GMC Sierra 15,4.3,6,Auto-6,2WD,Ethanol,CA,pickup,5,12.0,16.0,14.0,4,No
661,GMC Sierra 15,4.3,6,Auto-6,4WD,Ethanol,CA,pickup,5,12.0,15.0,13.0,3,No
663,GMC Sierra 15,5.3,8,Auto-6,2WD,Ethanol,CA,pickup,3,12.0,17.0,14.0,3,No
697,GMC Yukon 1500,5.3,8,Auto-6,2WD,Ethanol,CA,standard SUV,3,12.0,17.0,14.0,3,No
701,GMC Yukon 1500,5.3,8,Auto-6,4WD,Ethanol,CA,standard SUV,3,11.0,16.0,13.0,3,No
709,GMC Yukon 1500 XL,5.3,8,Auto-6,2WD,Ethanol,CA,standard SUV,3,12.0,17.0,14.0,3,No
715,GMC Yukon XL 1500,5.3,8,Auto-6,4WD,Ethanol,CA,standard SUV,3,11.0,15.0,12.0,3,No
892,JEEP Cherokee,2.4,4,Auto-9,2WD,Ethanol,CA,small SUV,3,15.0,22.0,18.0,5,No
896,JEEP Cherokee,2.4,4,Auto-9,4WD,Ethanol,CA,small SUV,3,14.0,21.0,17.0,5,No
933,KARMA Revero,2.0,4,Auto-1,2WD,Gasoline,CA,small car,1,20.0,21.0,20.0,10,No
1162,MERCEDES-BENZ CLA250 4Matic,2.0,4,AutoMan-7,4WD,Ethanol,CA,small car,5,17.0,24.0,20.0,6,No
1179,MERCEDES-BENZ GLA250 4Matic,2.0,4,AutoMan-7,4WD,Ethanol,CA,small SUV,5,17.0,23.0,19.0,5,No
1192,MERCEDES-BENZ GLE350 4Matic,3.5,6,Auto-7,4WD,Ethanol,CA,standard SUV,3,13.0,17.0,14.0,3,No
1256,MINI Cooper SE Countryman All4,1.5,3,SemiAuto-6,4WD,Gasoline,CA,midsize car,3,28.0,27.0,27.0,9,Yes
1507,TOYOTA Sequoia FFV,5.7,8,SemiAuto-6,4WD,Ethanol,CA,standard SUV,5,9.0,13.0,10.0,1,No
1517,TOYOTA Tundra FFV,5.7,8,SemiAuto-6,4WD,Ethanol,CA,pickup,5,9.0,12.0,10.0,2,No
1577,VOLVO S90,2.0,4,SemiAuto-8,4WD,Gasoline,CA,midsize car,7,26.0,33.0,29.0,10,Elite
1601,VOLVO XC 60,2.0,4,SemiAuto-8,4WD,Gasoline,CA,small SUV,7,26.0,28.0,26.0,10,Elite
1609,VOLVO XC 90,2.0,4,SemiAuto-8,4WD,Gasoline,CA,standard SUV,7,26.0,30.0,27.0,10,Elite
108,BMW 330e,2.0,4,SemiAuto-8,2WD,Electricity,CA,small car,3,66.0,78.0,71.0,10,Yes
160,BMW 530e,2.0,4,SemiAuto-8,2WD,Electricity,CA,small car,7,70.0,75.0,72.0,10,Elite
162,BMW 530e,2.0,4,SemiAuto-8,4WD,Electricity,CA,small car,7,66.0,68.0,67.0,10,Elite
188,BMW 740e,2.0,4,SemiAuto-8,4WD,Electricity,CA,large car,3,62.0,68.0,64.0,9,Yes
382,CHEVROLET Impala,3.6,6,SemiAuto-6,2WD,Gas,CA,large car,5,18.0,28.0,22.0,4,No
394,CHEVROLET Silverado 15,4.3,6,Auto-6,2WD,Gas,CA,pickup,5,18.0,24.0,20.0,4,No
396,CHEVROLET Silverado 15,4.3,6,Auto-6,4WD,Gas,CA,pickup,5,17.0,22.0,19.0,3,No
398,CHEVROLET Silverado 15,5.3,8,Auto-6,2WD,Gas,CA,pickup,3,16.0,23.0,19.0,3,No
428,CHEVROLET Suburban 1500,5.3,8,Auto-6,2WD,Gas,CA,standard SUV,3,16.0,23.0,19.0,3,No
432,CHEVROLET Suburban 1500,5.3,8,Auto-6,4WD,Gas,CA,standard SUV,3,16.0,22.0,18.0,3,No
436,CHEVROLET Tahoe 1500,5.3,8,Auto-6,2WD,Gas,CA,standard SUV,3,16.0,23.0,19.0,3,No
440,CHEVROLET Tahoe 1500,5.3,8,Auto-6,4WD,Gas,CA,standard SUV,3,16.0,22.0,18.0,3,No
454,CHEVROLET Volt,1.5,4,CVT,2WD,Electricity,CA,small car,3,113.0,99.0,106.0,10,Yes
456,CHEVROLET Volt,1.5,4,CVT,2WD,Electricity,CA,small car,7,113.0,99.0,106.0,10,Elite
458,CHRYSLER 300,3.6,6,Auto-8,2WD,Gas,CA,large car,3,19.0,30.0,23.0,5,No
462,CHRYSLER 300,3.6,6,Auto-8,4WD,Gas,CA,large car,3,18.0,27.0,21.0,4,No
492,DODGE Charger,3.6,6,Auto-8,2WD,Gas,CA,large car,3,19.0,30.0,23.0,5,No
496,DODGE Charger,3.6,6,Auto-8,4WD,Gas,CA,large car,3,18.0,27.0,21.0,4,No
605,FORD Fusion Energi Plug-in Hybrid,2.0,4,CVT,2WD,Electricity,CA,midsize car,7,102.0,91.0,97.0,10,Elite
659,GMC Sierra 15,4.3,6,Auto-6,2WD,Gas,CA,pickup,5,18.0,24.0,20.0,4,No
661,GMC Sierra 15,4.3,6,Auto-6,4WD,Gas,CA,pickup,5,17.0,22.0,19.0,3,No
663,GMC Sierra 15,5.3,8,Auto-6,2WD,Gas,CA,pickup,3,16.0,23.0,19.0,3,No
697,GMC Yukon 1500,5.3,8,Auto-6,2WD,Gas,CA,standard SUV,3,16.0,23.0,19.0,3,No
701,GMC Yukon 1500,5.3,8,Auto-6,4WD,Gas,CA,standard SUV,3,16.0,22.0,18.0,3,No
709,GMC Yukon 1500 XL,5.3,8,Auto-6,2WD,Gas,CA,standard SUV,3,16.0,23.0,19.0,3,No
715,GMC Yukon XL 1500,5.3,8,Auto-6,4WD,Gas,CA,standard SUV,3,16.0,22.0,18.0,3,No
892,JEEP Cherokee,2.4,4,Auto-9,2WD,Gas,CA,small SUV,3,21.0,30.0,25.0,5,No
896,JEEP Cherokee,2.4,4,Auto-9,4WD,Gas,CA,small SUV,3,21.0,28.0,23.0,5,No
933,KARMA Revero,2.0,4,Auto-1,2WD,Electricity,CA,small car,1,59.0,61.0,60.0,10,No
1162,MERCEDES-BENZ CLA250 4Matic,2.0,4,AutoMan-7,4WD,Gas,CA,small car,5,24.0,32.0,27.0,6,No
1179,MERCEDES-BENZ GLA250 4Matic,2.0,4,AutoMan-7,4WD,Gas,CA,small SUV,5,23.0,31.0,26.0,5,No
1192,MERCEDES-BENZ GLE350 4Matic,3.5,6,Auto-7,4WD,Gas,CA,standard SUV,3,18.0,22.0,19.0,3,No
1256,MINI Cooper SE Countryman All4,1.5,3,SemiAuto-6,4WD,Electricity,CA,midsize car,3,63.0,66.0,65.0,9,Yes
1507,TOYOTA Sequoia FFV,5.7,8,SemiAuto-6,4WD,Gas,CA,standard SUV,5,13.0,17.0,14.0,1,No
1517,TOYOTA Tundra FFV,5.7,8,SemiAuto-6,4WD,Gas,CA,pickup,5,13.0,17.0,15.0,2,No
1577,VOLVO S90,2.0,4,SemiAuto-8,4WD,Electricity,CA,midsize car,7,70.0,72.0,71.0,10,Elite
1601,VOLVO XC 60,2.0,4,SemiAuto-8,4WD,Electricity,CA,small SUV,7,60.0,58.0,59.0,10,Elite
1609,VOLVO XC 90,2.0,4,SemiAuto-8,4WD,Electricity,CA,standard SUV,7,63.0,61.0,62.0,10,Elite
